{
  "mode": "supervised",
  "encoder_path": null,
  "site_prior_null": {
    "segment_balanced_accuracy": 0.926605504587156,
    "subject_balanced_accuracy": 0.6538461538461539,
    "per_dataset_majority": {
      "ds002778": "PD",
      "ds003490": "PD",
      "ds004148": "HC",
      "ds004584": "PD"
    },
    "n_segments": 18721,
    "n_subjects": 270
  },
  "per_heldout": {
    "ds002778": {
      "segment": {
        "balanced_accuracy": 0.5163705081185324,
        "sensitivity": 0.8640167364016736,
        "specificity": 0.16872427983539096,
        "n_segments": 721,
        "roc_auc": 0.5102536288031407
      },
      "subject": {
        "balanced_accuracy": 0.59375,
        "sensitivity": 1.0,
        "specificity": 0.1875,
        "n_subjects": 31,
        "n_pd": 15,
        "n_hc": 16,
        "roc_auc": 0.45416666666666666
      },
      "calibration": {
        "n_subjects": 31,
        "fixed_0.5": 0.59375,
        "prevalence_matched": 0.41875,
        "roc_auc": 0.45416666666666666,
        "oracle_youden": 0.59375,
        "train_transferred": 0.44166666666666665,
        "train_threshold": 0.9558381968074374,
        "subject_scores": [
          0.9528794646263122,
          0.9570435173809528,
          0.8529795294006666,
          0.9700881560643514,
          0.9695670207341512,
          0.42785641350007303,
          0.29316702497308145,
          0.5881501769181341,
          0.7394733186811209,
          0.38520938142513234,
          0.9583059350649515,
          0.9432982392609119,
          0.9027414957682292,
          0.9099822278533664,
          0.8425854831933975,
          0.8635723292827606,
          0.9668284018834432,
          0.9770935735394878,
          0.7937403472761313,
          0.8615413029105045,
          0.8164759525408347,
          0.6392207893251907,
          0.9142254849274953,
          0.5237567389616743,
          0.7959939795996873,
          0.931693434715271,
          0.8416396912944037,
          0.9454250769181685,
          0.8462450599763542,
          0.8244579287251996,
          0.5143420274083231
        ],
        "subject_labels": [
          0,
          0,
          0,
          0,
          0,
          0,
          0,
          0,
          0,
          0,
          0,
          0,
          0,
          0,
          0,
          0,
          1,
          1,
          1,
          1,
          1,
          1,
          1,
          1,
          1,
          1,
          1,
          1,
          1,
          1,
          1
        ]
      }
    },
    "ds003490": {
      "segment": {
        "balanced_accuracy": 0.5384270958953915,
        "sensitivity": 0.9269352290679305,
        "specificity": 0.14991896272285252,
        "n_segments": 3766,
        "roc_auc": 0.6305719529087646
      },
      "subject": {
        "balanced_accuracy": 0.54,
        "sensitivity": 1.0,
        "specificity": 0.08,
        "n_subjects": 50,
        "n_pd": 25,
        "n_hc": 25,
        "roc_auc": 0.688
      },
      "calibration": {
        "n_subjects": 50,
        "fixed_0.5": 0.54,
        "prevalence_matched": 0.6,
        "roc_auc": 0.688,
        "oracle_youden": 0.6599999999999999,
        "train_transferred": 0.6,
        "train_threshold": 0.9251925559604869,
        "subject_scores": [
          0.892498477572395,
          0.7900525460741958,
          0.9345664147819791,
          0.7308212518692017,
          0.8920101497854506,
          0.9381027669111394,
          0.9755468808852874,
          0.8851957559053387,
          0.9824087969188032,
          0.8306792635956536,
          0.9084011772841526,
          0.7531714456173358,
          0.9557091789219969,
          0.8187838526386203,
          0.9307955357730768,
          0.9428088509284698,
          0.697265029563885,
          0.8311898135183815,
          0.954166124685336,
          0.823255633978538,
          0.870058430896865,
          0.9911914761104281,
          0.8790235070579023,
          0.8280023531771676,
          0.9418475533660391,
          0.9600198153153207,
          0.9851611709365478,
          0.54115328252437,
          0.8593962691400362,
          0.9459713613986969,
          0.9270096339837268,
          0.6333066358735474,
          0.826214397081186,
          0.8903841829070678,
          0.8124515318240111,
          0.9569738999713445,
          0.8857268538739946,
          0.8662266197592713,
          0.9387406115992027,
          0.40428512806401534,
          0.7966708366505124,
          0.755272923233301,
          0.7991236000064206,
          0.4653829342138994,
          0.9571942779752943,
          0.8801437966684078,
          0.7042495395954964,
          0.6742557025136193,
          0.7123487518295984,
          0.8143715086792197
        ],
        "subject_labels": [
          1,
          1,
          0,
          1,
          0,
          1,
          1,
          1,
          1,
          1,
          1,
          1,
          1,
          1,
          1,
          1,
          1,
          1,
          1,
          1,
          1,
          1,
          1,
          1,
          1,
          1,
          1,
          0,
          0,
          0,
          0,
          0,
          0,
          0,
          0,
          0,
          0,
          0,
          0,
          0,
          0,
          0,
          0,
          0,
          0,
          0,
          0,
          0,
          0,
          0
        ]
      }
    },
    "ds004584": {
      "segment": {
        "balanced_accuracy": 0.5370219937898101,
        "sensitivity": 0.9818780889621087,
        "specificity": 0.09216589861751152,
        "n_segments": 1865,
        "roc_auc": 0.45277952813691774
      },
      "subject": {
        "balanced_accuracy": 0.5052040816326531,
        "sensitivity": 0.99,
        "specificity": 0.02040816326530612,
        "n_subjects": 149,
        "n_pd": 100,
        "n_hc": 49,
        "roc_auc": 0.5420408163265307
      },
      "calibration": {
        "n_subjects": 149,
        "fixed_0.5": 0.5052040816326531,
        "prevalence_matched": 0.5438775510204081,
        "roc_auc": 0.5420408163265307,
        "oracle_youden": 0.6034693877551021,
        "train_transferred": 0.5154081632653061,
        "train_threshold": 0.5803067082551455,