{
  "mode": "supervised",
  "encoder_path": null,
  "site_prior_null": {
    "segment_balanced_accuracy": 0.926605504587156,
    "subject_balanced_accuracy": 0.6538461538461539,
    "per_dataset_majority": {
      "ds002778": "PD",
      "ds003490": "PD",
      "ds004148": "HC",
      "ds004584": "PD"
    },
    "n_segments": 18721,
    "n_subjects": 270
  },
  "per_heldout": {
    "ds002778": {
      "segment": {
        "balanced_accuracy": 0.5392711400382251,
        "sensitivity": 0.6464435146443515,
        "specificity": 0.43209876543209874,
        "n_segments": 721,
        "roc_auc": 0.5821753878471685
      },
      "subject": {
        "balanced_accuracy": 0.45625,
        "sensitivity": 0.6,
        "specificity": 0.3125,
        "n_subjects": 31,
        "n_pd": 15,
        "n_hc": 16,
        "roc_auc": 0.5625
      },
      "calibration": {
        "n_subjects": 31,
        "fixed_0.5": 0.45625,
        "prevalence_matched": 0.5479166666666666,
        "roc_auc": 0.5625,
        "oracle_youden": 0.5916666666666667,
        "train_transferred": 0.5333333333333333,
        "train_threshold": 0.9712285616181113,
        "subject_scores": [
          0.9099311033884684,
          0.2525769353960641,
          0.8886958142121633,
          0.6996190150578817,
          0.8938963750998179,
          0.5023907999430473,
          0.08442097836329292,
          0.39542898372747004,
          0.5612318618223071,
          0.1737236156205957,
          0.0990085777050505,
          0.5868127366702538,
          0.9109263916810354,
          0.7832307044757597,
          0.7212850637733936,
          0.5359780481094882,
          0.38599183670400333,
          0.9682499612531354,
          0.8244532466167585,
          0.79063702473799,
          0.9007391129930814,
          0.32711595584017533,
          0.4327381331764627,
          0.4335485896250854,
          0.5406714252265726,
          0.7345093072544842,
          0.6853379621170461,
          0.47549732530905836,
          0.8924072048685048,
          0.9968036130854958,
          0.10140471136352668
        ],
        "subject_labels": [
          0,
          0,
          0,
          0,
          0,
          0,
          0,
          0,
          0,
          0,
          0,
          0,
          0,
          0,
          0,
          0,
          1,
          1,
          1,
          1,
          1,
          1,
          1,
          1,
          1,
          1,
          1,
          1,
          1,
          1,
          1
        ]
      }
    },
    "ds003490": {
      "segment": {
        "balanced_accuracy": 0.5718821771759085,
        "sensitivity": 0.8779620853080569,
        "specificity": 0.26580226904376014,
        "n_segments": 3766,
        "roc_auc": 0.6711627633071402
      },
      "subject": {
        "balanced_accuracy": 0.52,
        "sensitivity": 0.96,
        "specificity": 0.08,
        "n_subjects": 50,
        "n_pd": 25,
        "n_hc": 25,
        "roc_auc": 0.7456
      },
      "calibration": {
        "n_subjects": 50,
        "fixed_0.5": 0.52,
        "prevalence_matched": 0.72,
        "roc_auc": 0.7456,
        "oracle_youden": 0.72,
        "train_transferred": 0.62,
        "train_threshold": 0.8693431317806244,
        "subject_scores": [
          0.7655155852597247,
          0.9905158281326294,
          0.5684703017385411,
          0.8966951265132853,
          0.7337797015905381,
          0.9193010805604651,
          0.844602583630665,
          0.8610926267646608,
          0.7804590848156776,
          0.6159399363981641,
          0.8569294242964437,
          0.7302835375070572,
          0.9770612838447735,
          0.7169956093033155,
          0.9037840363322472,
          0.8493367361727061,
          0.77409126182783,
          0.8995258443533106,
          0.8770248994736348,
          0.9010272027598214,
          0.7068785241908497,
          0.8671114134883123,
          0.3618755959961788,
          0.5737543473410052,
          0.8745751452475491,
          0.7862969553007663,
          0.9889683866730103,
          0.7987509577170663,
          0.7175674869314485,
          0.6645253011584282,
          0.9484431235878555,
          0.776469373040729,
          0.4819532479945715,
          0.8379264081326815,
          0.66749515871589,
          0.7727408015727997,
          0.22672373520003425,
          0.8696119650158771,
          0.695418925138942,
          0.5666039719008932,
          0.5956230124204673,
          0.7663414690356988,
          0.5363966270567889,
          0.5915597371109154,
          0.6565432248844041,
          0.9083135698704009,
          0.8907815186040742,
          0.6149320533871651,
          0.7410928061739965,
          0.6630384718277016
        ],
        "subject_labels": [
          1,
          1,
          0,
          1,
          0,
          1,
          1,
          1,
          1,
          1,
          1,
          1,
          1,
          1,
          1,
          1,
          1,
          1,
          1,
          1,
          1,
          1,
          1,
          1,
          1,
          1,
          1,
          0,
          0,
          0,
          0,
          0,
          0,
          0,
          0,
          0,
          0,
          0,
          0,
          0,
          0,
          0,
          0,
          0,
          0,
          0,
          0,
          0,
          0,
          0
        ]
      }
    },
    "ds004584": {
      "segment": {
        "balanced_accuracy": 0.589515686170307,
        "sensitivity": 0.9102141680395387,
        "specificity": 0.26881720430107525,
        "n_segments": 1865,
        "roc_auc": 0.6470497802139403
      },
      "subject": {
        "balanced_accuracy": 0.5974489795918367,
        "sensitivity": 0.95,
        "specificity": 0.24489795918367346,
        "n_subjects": 149,
        "n_pd": 100,
        "n_hc": 49,
        "roc_auc": 0.6581632653061225
      },
      "calibration": {
        "n_subjects": 149,
        "fixed_0.5": 0.5974489795918367,
        "prevalence_matched": 0.6351020408163266,
        "roc_auc": 0.6581632653061225,
        "oracle_youden": 0.6588775510204081,
        "train_transferred": 0.5566326530612244,
        "train_threshold": 0.45733929321366823,