{
  "mode": "probe",
  "encoder_path": "results/ssl/pretrained_encoder_29ch_opennero.pt",
  "site_prior_null": {
    "segment_balanced_accuracy": 0.926605504587156,
    "subject_balanced_accuracy": 0.6538461538461539,
    "per_dataset_majority": {
      "ds002778": "PD",
      "ds003490": "PD",
      "ds004148": "HC",
      "ds004584": "PD"
    },
    "n_segments": 18721,
    "n_subjects": 270
  },
  "per_heldout": {
    "ds002778": {
      "segment": {
        "balanced_accuracy": 0.5034523133081943,
        "sensitivity": 0.6694560669456067,
        "specificity": 0.3374485596707819,
        "n_segments": 721,
        "roc_auc": 0.5749350000860926
      },
      "subject": {
        "balanced_accuracy": 0.49166666666666664,
        "sensitivity": 0.7333333333333333,
        "specificity": 0.25,
        "n_subjects": 31,
        "n_pd": 15,
        "n_hc": 16,
        "roc_auc": 0.5708333333333333
      }
    },
    "ds003490": {
      "segment": {
        "balanced_accuracy": 0.5014335148670758,
        "sensitivity": 0.9988151658767772,
        "specificity": 0.004051863857374392,
        "n_segments": 3766,
        "roc_auc": 0.727963429528294
      },
      "subject": {
        "balanced_accuracy": 0.5,
        "sensitivity": 1.0,
        "specificity": 0.0,
        "n_subjects": 50,
        "n_pd": 25,
        "n_hc": 25,
        "roc_auc": 0.7872
      }
    },
    "ds004584": {
      "segment": {
        "balanced_accuracy": 0.5183996487472068,
        "sensitivity": 0.9876441515650741,
        "specificity": 0.04915514592933948,
        "n_segments": 1865,
        "roc_auc": 0.6704246666514828
      },
      "subject": {
        "balanced_accuracy": 0.495,
        "sensitivity": 0.99,
        "specificity": 0.0,
        "n_subjects": 149,
        "n_pd": 100,
        "n_hc": 49,
        "roc_auc": 0.6659183673469387
      }
    }
  },
  "macro": {
    "segment": {
      "mean": 0.5077618256408255,
      "median": 0.5034523133081943,
      "std": 0.007567093106270884,
      "iqr": 0.008483066940065509,
      "q25": 0.502442914087635,
      "q75": 0.5109259810277005,
      "p01": 0.5014738908358981,
      "p99": 0.5181007020384265,
      "n_folds": 3
    },
    "subject": {
      "mean": 0.4955555555555556,
      "median": 0.495,
      "std": 0.0034246744460938857,
      "iqr": 0.004166666666666707,
      "q25": 0.4933333333333333,
      "q75": 0.4975,
      "p01": 0.4917333333333333,
      "p99": 0.4999,
      "n_folds": 3
    }
  },
  "config": {
    "n_channels": 29,
    "heldout_ids": [
      "ds002778",
      "ds003490",
      "ds004584"
    ],
    "sup_epochs": 50,
    "probe_epochs": 30,
    "data_dir": "data/processed_unified"
  }
}