{
  "mode": "supervised",
  "encoder_path": null,
  "site_prior_null": {
    "segment_balanced_accuracy": 0.926605504587156,
    "subject_balanced_accuracy": 0.6538461538461539,
    "per_dataset_majority": {
      "ds002778": "PD",
      "ds003490": "PD",
      "ds004148": "HC",
      "ds004584": "PD"
    },
    "n_segments": 18721,
    "n_subjects": 270
  },
  "per_heldout": {
    "ds002778": {
      "segment": {
        "balanced_accuracy": 0.5754042047626426,
        "sensitivity": 0.28661087866108786,
        "specificity": 0.8641975308641975,
        "n_segments": 721,
        "roc_auc": 0.6582984658298465
      },
      "subject": {
        "balanced_accuracy": 0.56875,
        "sensitivity": 0.2,
        "specificity": 0.9375,
        "n_subjects": 31,
        "n_pd": 15,
        "n_hc": 16,
        "roc_auc": 0.6833333333333333
      },
      "calibration": {
        "n_subjects": 31,
        "fixed_0.5": 0.56875,
        "prevalence_matched": 0.6125,
        "roc_auc": 0.6833333333333333,
        "oracle_youden": 0.7020833333333334,
        "train_transferred": 0.5333333333333333,
        "train_threshold": 0.803423285484314,
        "subject_scores": [
          0.03860398735851049,
          0.08552875668556226,
          0.5536527877052625,
          0.0663567724627986,
          0.27846854535503857,
          0.18613116640020355,
          0.045707535557448865,
          0.007086465684892573,
          0.3726780388969928,
          0.14166536482419664,
          0.003723789949435741,
          0.003510920336111667,
          0.18822731734253467,
          0.29154776030502816,
          0.2348231295744578,
          0.06356639934056148,
          0.43442625825603803,
          0.8268471735139047,
          0.22024122775377084,
          0.2214309592075155,
          0.45683125859553303,
          0.01013991401171855,
          0.09834628138147915,
          0.1534246360436858,
          0.03966123578885022,
          0.42554595316323685,
          0.38532727368874475,
          0.12668705300254232,
          0.6958239800296724,
          0.5209276135030546,
          0.021018157292201068
        ],
        "subject_labels": [
          0,
          0,
          0,
          0,
          0,
          0,
          0,
          0,
          0,
          0,
          0,
          0,
          0,
          0,
          0,
          0,
          1,
          1,
          1,
          1,
          1,
          1,
          1,
          1,
          1,
          1,
          1,
          1,
          1,
          1,
          1
        ]
      }
    },
    "ds003490": {
      "segment": {
        "balanced_accuracy": 0.5540888619191369,
        "sensitivity": 0.9533965244865719,
        "specificity": 0.1547811993517018,
        "n_segments": 3766,
        "roc_auc": 0.7276460975366205
      },
      "subject": {
        "balanced_accuracy": 0.54,
        "sensitivity": 1.0,
        "specificity": 0.08,
        "n_subjects": 50,
        "n_pd": 25,
        "n_hc": 25,
        "roc_auc": 0.8096
      },
      "calibration": {
        "n_subjects": 50,
        "fixed_0.5": 0.54,
        "prevalence_matched": 0.76,
        "roc_auc": 0.8096,
        "oracle_youden": 0.78,
        "train_transferred": 0.76,
        "train_threshold": 0.8393680403629938,
        "subject_scores": [
          0.8768654914312465,
          0.696814196608362,
          0.7681500001677445,
          0.9322603701480797,
          0.5639046319893428,
          0.8455625660435269,
          0.9306158740241248,
          0.9378484799748376,
          0.8115873165514277,
          0.919207415179066,
          0.9320879091198245,
          0.7582877239584923,
          0.9875087597036875,
          0.8184805054857274,
          0.9027048708224783,
          0.6884519860551164,
          0.9314714988458503,
          0.9114820123352902,
          0.887648250591957,
          0.9104360335880948,
          0.5765428205331167,
          0.9406408227625347,
          0.6467733113880617,
          0.787224565134492,
          0.9243848430048122,
          0.8904516720077367,
          0.9923481987072871,
          0.37768089738876925,
          0.6964423993359441,
          0.7953463780879975,
          0.7734269665347205,
          0.8997511179358871,
          0.6311569844747519,
          0.7309155211998866,
          0.8109157452216516,
          0.7908335387706756,
          0.6442587263054318,
          0.6479626866274102,
          0.9283997698834068,
          0.6468863675699514,
          0.6117342209274118,
          0.7702256739497758,
          0.8122505799252936,
          0.7677159032736318,
          0.8488795267211067,
          0.8865116365412449,
          0.7254330366849899,
          0.7358350777626037,
          0.4293441047722643,
          0.7200290883074001
        ],
        "subject_labels": [
          1,
          1,
          0,
          1,
          0,
          1,
          1,
          1,
          1,
          1,
          1,
          1,
          1,
          1,
          1,
          1,
          1,
          1,
          1,
          1,
          1,
          1,
          1,
          1,
          1,
          1,
          1,
          0,
          0,
          0,
          0,
          0,
          0,
          0,
          0,
          0,
          0,
          0,
          0,
          0,
          0,
          0,
          0,
          0,
          0,
          0,
          0,
          0,
          0,
          0
        ]
      }
    },
    "ds004584": {
      "segment": {
        "balanced_accuracy": 0.581044369706218,
        "sensitivity": 0.8640856672158155,
        "specificity": 0.2980030721966206,
        "n_segments": 1865,
        "roc_auc": 0.6925861113430865
      },
      "subject": {
        "balanced_accuracy": 0.5724489795918367,
        "sensitivity": 0.9,
        "specificity": 0.24489795918367346,
        "n_subjects": 149,
        "n_pd": 100,
        "n_hc": 49,
        "roc_auc": 0.6753061224489796
      },
      "calibration": {
        "n_subjects": 149,
        "fixed_0.5": 0.5724489795918367,
        "prevalence_matched": 0.5894897959183674,
        "roc_auc": 0.6753061224489796,
        "oracle_youden": 0.6879591836734693,
        "train_transferred": 0.6459183673469387,
        "train_threshold": 0.8642033934593201,