{
  "mode": "supervised",
  "encoder_path": null,
  "site_prior_null": {
    "segment_balanced_accuracy": 0.926605504587156,
    "subject_balanced_accuracy": 0.6538461538461539,
    "per_dataset_majority": {
      "ds002778": "PD",
      "ds003490": "PD",
      "ds004148": "HC",
      "ds004584": "PD"
    },
    "n_segments": 18721,
    "n_subjects": 270
  },
  "per_heldout": {
    "ds002778": {
      "segment": {
        "balanced_accuracy": 0.5671522289374451,
        "sensitivity": 0.1589958158995816,
        "specificity": 0.9753086419753086,
        "n_segments": 721,
        "roc_auc": 0.6446355700191125
      },
      "subject": {
        "balanced_accuracy": 0.5333333333333333,
        "sensitivity": 0.06666666666666667,
        "specificity": 1.0,
        "n_subjects": 31,
        "n_pd": 15,
        "n_hc": 16,
        "roc_auc": 0.6458333333333333
      },
      "calibration": {
        "n_subjects": 31,
        "fixed_0.5": 0.5333333333333333,
        "prevalence_matched": 0.5479166666666666,
        "roc_auc": 0.6458333333333333,
        "oracle_youden": 0.65,
        "train_transferred": 0.5416666666666666,
        "train_threshold": 0.06302510834769225,
        "subject_scores": [
          0.0022415941969181103,
          0.003865354351546557,
          0.046680555323837324,
          0.06885260845689724,
          0.00036079109995625915,
          0.2060194286168553,
          0.0010468747233971954,
          0.031557136347601045,
          0.01418086639023386,
          0.12164182059350423,
          0.0014319850073661656,
          0.000509009204506583,
          0.00088160324570102,
          0.00017101832677976096,
          0.08411925734350613,
          0.0005002512014470994,
          0.005875364882376744,
          0.4192897404333757,
          0.018967725118272938,
          0.01020805973455889,
          0.49297637173416053,
          0.0005497401085449383,
          0.0071269807888408344,
          0.0028479287451773417,
          0.0010470828027821207,
          0.16223832424293505,
          0.003212675381291774,
          0.007762639055506566,
          0.49860930244358315,
          0.7124537149196074,
          0.0008551783476529333
        ],
        "subject_labels": [
          0,
          0,
          0,
          0,
          0,
          0,
          0,
          0,
          0,
          0,
          0,
          0,
          0,
          0,
          0,
          0,
          1,
          1,
          1,
          1,
          1,
          1,
          1,
          1,
          1,
          1,
          1,
          1,
          1,
          1,
          1
        ]
      }
    },
    "ds003490": {
      "segment": {
        "balanced_accuracy": 0.5561586410317466,
        "sensitivity": 0.9656398104265402,
        "specificity": 0.146677471636953,
        "n_segments": 3766,
        "roc_auc": 0.696177261682554
      },
      "subject": {
        "balanced_accuracy": 0.54,
        "sensitivity": 1.0,
        "specificity": 0.08,
        "n_subjects": 50,
        "n_pd": 25,
        "n_hc": 25,
        "roc_auc": 0.7936000000000001
      },
      "calibration": {
        "n_subjects": 50,
        "fixed_0.5": 0.54,
        "prevalence_matched": 0.72,
        "roc_auc": 0.7936000000000001,
        "oracle_youden": 0.74,
        "train_transferred": 0.54,
        "train_threshold": 0.5003079452684948,
        "subject_scores": [
          0.8711892424091217,
          0.9701217619740233,
          0.8228043960407376,
          0.8001673945275668,
          0.9740712302071708,
          0.9457424323733324,
          0.9847844355815166,
          0.9926319343703134,
          0.968663788732441,
          0.9972250267215397,
          0.826306880422635,
          0.9571401643753051,
          0.9992131962571092,
          0.8486493206535927,
          0.9887551987657741,
          0.9174005220065246,
          0.9877147489381068,
          0.9759993588829294,
          0.9541582667221458,
          0.9962591154059184,
          0.8846934798691007,
          0.9817782434679213,
          0.959396865712591,
          0.9714684775748919,
          0.9934138726479936,
          0.9624840645390806,
          0.995641430410055,
          0.9576134642829066,
          0.47837955164520635,
          0.8229724951088428,
          0.9734028064542346,
          0.8961124596772371,
          0.9378617998067434,
          0.8153810720272864,
          0.9317069798707962,
          0.8822322940826416,
          0.39170378338959483,
          0.9872107408767523,
          0.9175561473811078,
          0.7211402413599631,
          0.9493136636235497,
          0.8628947404571451,
          0.6840714913733462,
          0.5965883624132561,
          0.8679449516865942,
          0.8423135927382935,
          0.9750696108454749,
          0.71049030815484,
          0.7340054525570436,
          0.9841445587119277
        ],
        "subject_labels": [
          1,
          1,
          0,
          1,
          0,
          1,
          1,
          1,
          1,
          1,
          1,
          1,
          1,
          1,
          1,
          1,
          1,
          1,
          1,
          1,
          1,
          1,
          1,
          1,
          1,
          1,
          1,
          0,
          0,
          0,
          0,
          0,
          0,
          0,
          0,
          0,
          0,
          0,
          0,
          0,
          0,
          0,
          0,
          0,
          0,
          0,
          0,
          0,
          0,
          0
        ]
      }
    },
    "ds004584": {
      "segment": {
        "balanced_accuracy": 0.6211569072545848,
        "sensitivity": 0.4942339373970346,
        "specificity": 0.7480798771121352,
        "n_segments": 1865,
        "roc_auc": 0.6579675926277404
      },
      "subject": {
        "balanced_accuracy": 0.6329591836734694,
        "sensitivity": 0.47,
        "specificity": 0.7959183673469388,
        "n_subjects": 149,
        "n_pd": 100,
        "n_hc": 49,
        "roc_auc": 0.653469387755102
      },
      "calibration": {
        "n_subjects": 149,
        "fixed_0.5": 0.6329591836734694,
        "prevalence_matched": 0.6046938775510204,
        "roc_auc": 0.653469387755102,
        "oracle_youden": 0.661734693877551,
        "train_transferred": 0.593265306122449,
        "train_threshold": 0.029785469142275953,