{
  "mode": "probe",
  "encoder_path": "results/ssl/pretrained_encoder_19ch_tuh.pt",
  "site_prior_null": {
    "segment_balanced_accuracy": 0.926605504587156,
    "subject_balanced_accuracy": 0.6538461538461539,
    "per_dataset_majority": {
      "ds002778": "PD",
      "ds003490": "PD",
      "ds004148": "HC",
      "ds004584": "PD"
    },
    "n_segments": 18721,
    "n_subjects": 270
  },
  "per_heldout": {
    "ds002778": {
      "segment": {
        "balanced_accuracy": 0.6162077931022607,
        "sensitivity": 0.6192468619246861,
        "specificity": 0.6131687242798354,
        "n_segments": 721,
        "roc_auc": 0.6551646951460992
      },
      "subject": {
        "balanced_accuracy": 0.6791666666666667,
        "sensitivity": 0.7333333333333333,
        "specificity": 0.625,
        "n_subjects": 31,
        "n_pd": 15,
        "n_hc": 16,
        "roc_auc": 0.6625
      },
      "calibration": {
        "n_subjects": 31,
        "fixed_0.5": 0.6791666666666667,
        "prevalence_matched": 0.6125,
        "roc_auc": 0.6625,
        "oracle_youden": 0.6791666666666667,
        "train_transferred": 0.5666666666666667,
        "train_threshold": 0.7330234012705215,
        "subject_scores": [
          0.6479614158471425,
          0.4527949709445238,
          0.35697535673777264,
          0.48915406664212546,
          0.2927554965019226,
          0.7316749234994252,
          0.6267628371715546,
          0.035439561936073005,
          0.6834317296743393,
          0.5111096223195394,
          0.5468032449483872,
          0.1943185874260962,
          0.4078762044509252,
          0.1376267589096512,
          0.4788468301296234,
          0.09035358329614003,
          0.5454920202493667,
          0.6264949056410021,
          0.36415177981058755,
          0.5047875910233228,
          0.5830831125378608,
          0.8238419771194458,
          0.5256909191608429,
          0.5911689271529516,
          0.31108601643673833,
          0.5060077223461121,
          0.6297578997910023,
          0.4526169683897134,
          0.3934935259167105,
          0.7930984563733402,
          0.5844782958428065
        ],
        "subject_labels": [
          0,
          0,
          0,
          0,
          0,
          0,
          0,
          0,
          0,
          0,
          0,
          0,
          0,
          0,
          0,
          0,
          1,
          1,
          1,
          1,
          1,
          1,
          1,
          1,
          1,
          1,
          1,
          1,
          1,
          1,
          1
        ]
      }
    },
    "ds003490": {
      "segment": {
        "balanced_accuracy": 0.49125136662390767,
        "sensitivity": 0.9403633491311216,
        "specificity": 0.04213938411669368,
        "n_segments": 3766,
        "roc_auc": 0.40962919364708716
      },
      "subject": {
        "balanced_accuracy": 0.5,
        "sensitivity": 1.0,
        "specificity": 0.0,
        "n_subjects": 50,
        "n_pd": 25,
        "n_hc": 25,
        "roc_auc": 0.368
      },
      "calibration": {
        "n_subjects": 50,
        "fixed_0.5": 0.5,
        "prevalence_matched": 0.36,
        "roc_auc": 0.368,
        "oracle_youden": 0.52,
        "train_transferred": 0.5,
        "train_threshold": 0.44821197241544725,
        "subject_scores": [
          0.8610194453629114,
          0.6441372468763468,
          0.8846782722643444,
          0.6448833207998957,
          0.9234686170305525,
          0.8237232337282463,
          0.8309504011192838,
          0.9052441171237401,
          0.8128551929846577,
          0.8340621130621951,
          0.5533019081146145,
          0.8259182184934616,
          0.8432290810410694,
          0.8994217954500757,
          0.8963542580604553,
          0.80828319006675,
          0.7759348439070785,
          0.843868853563958,
          0.8653885310484191,
          0.8394238475671748,
          0.8782886054780749,
          0.9349320128796592,
          0.8496694751532681,
          0.9432353010011274,
          0.7562047665071959,
          0.8149132381365137,
          0.6371490915234272,
          0.8969848272593125,
          0.927371110605157,
          0.9090271985530853,
          0.7556244548824098,
          0.9082862955552561,
          0.9000476296845968,
          0.8858798547432973,
          0.8185953944921494,
          0.80657888174057,
          0.9365302840868632,
          0.6249522469764532,
          0.8772632057468096,
          0.6756637121240298,
          0.7591094808145002,
          0.8074504056802163,
          0.9144137083215916,
          0.859526831170787,
          0.9092347807354397,
          0.8921311155278632,
          0.657424387477693,
          0.9019217377901078,
          0.8217357817021284,
          0.9365580215746042
        ],
        "subject_labels": [
          1,
          1,
          0,
          1,
          0,
          1,
          1,
          1,
          1,
          1,
          1,
          1,
          1,
          1,
          1,
          1,
          1,
          1,
          1,
          1,
          1,
          1,
          1,
          1,
          1,
          1,
          1,
          0,
          0,
          0,
          0,
          0,
          0,
          0,
          0,
          0,
          0,
          0,
          0,
          0,
          0,
          0,
          0,
          0,
          0,
          0,
          0,
          0,
          0,
          0
        ]
      }
    },
    "ds004584": {
      "segment": {
        "balanced_accuracy": 0.5196561113683928,
        "sensitivity": 0.8657331136738056,
        "specificity": 0.17357910906298002,
        "n_segments": 1865,
        "roc_auc": 0.5507810819497061
      },
      "subject": {
        "balanced_accuracy": 0.5266326530612245,
        "sensitivity": 0.89,
        "specificity": 0.16326530612244897,
        "n_subjects": 149,
        "n_pd": 100,
        "n_hc": 49,
        "roc_auc": 0.5442857142857143
      },
      "calibration": {
        "n_subjects": 149,
        "fixed_0.5": 0.5266326530612245,
        "prevalence_matched": 0.5438775510204081,
        "roc_auc": 0.5442857142857143,
        "oracle_youden": 0.5644897959183673,
        "train_transferred": 0.4954081632653061,
        "train_threshold": 0.33475439449483974,