{
  "mode": "probe",
  "encoder_path": "results/ssl/pretrained_encoder_19ch_tuh.pt",
  "site_prior_null": {
    "segment_balanced_accuracy": 0.926605504587156,
    "subject_balanced_accuracy": 0.6538461538461539,
    "per_dataset_majority": {
      "ds002778": "PD",
      "ds003490": "PD",
      "ds004148": "HC",
      "ds004584": "PD"
    },
    "n_segments": 18721,
    "n_subjects": 270
  },
  "per_heldout": {
    "ds002778": {
      "segment": {
        "balanced_accuracy": 0.6118859445219278,
        "sensitivity": 0.5941422594142259,
        "specificity": 0.6296296296296297,
        "n_segments": 721,
        "roc_auc": 0.651256091051535
      },
      "subject": {
        "balanced_accuracy": 0.6791666666666667,
        "sensitivity": 0.7333333333333333,
        "specificity": 0.625,
        "n_subjects": 31,
        "n_pd": 15,
        "n_hc": 16,
        "roc_auc": 0.6541666666666667
      },
      "calibration": {
        "n_subjects": 31,
        "fixed_0.5": 0.6791666666666667,
        "prevalence_matched": 0.6125,
        "roc_auc": 0.6541666666666667,
        "oracle_youden": 0.6791666666666667,
        "train_transferred": 0.5666666666666667,
        "train_threshold": 0.7594057435081119
      }
    },
    "ds003490": {
      "segment": {
        "balanced_accuracy": 0.48733264458048803,
        "sensitivity": 0.9300947867298578,
        "specificity": 0.04457050243111831,
        "n_segments": 3766,
        "roc_auc": 0.41543062415346127
      },
      "subject": {
        "balanced_accuracy": 0.5,
        "sensitivity": 1.0,
        "specificity": 0.0,
        "n_subjects": 50,
        "n_pd": 25,
        "n_hc": 25,
        "roc_auc": 0.376
      },
      "calibration": {
        "n_subjects": 50,
        "fixed_0.5": 0.5,
        "prevalence_matched": 0.4,
        "roc_auc": 0.376,
        "oracle_youden": 0.54,
        "train_transferred": 0.5,
        "train_threshold": 0.48737406233946484
      }
    },
    "ds004584": {
      "segment": {
        "balanced_accuracy": 0.5283494914679482,
        "sensitivity": 0.8616144975288303,
        "specificity": 0.19508448540706605,
        "n_segments": 1865,
        "roc_auc": 0.5601216731577575
      },
      "subject": {
        "balanced_accuracy": 0.5316326530612245,
        "sensitivity": 0.9,
        "specificity": 0.16326530612244897,
        "n_subjects": 149,
        "n_pd": 100,
        "n_hc": 49,
        "roc_auc": 0.5573469387755102
      },
      "calibration": {
        "n_subjects": 149,
        "fixed_0.5": 0.5316326530612245,
        "prevalence_matched": 0.5590816326530612,
        "roc_auc": 0.5573469387755102,
        "oracle_youden": 0.5642857142857143,
        "train_transferred": 0.5104081632653061,
        "train_threshold": 0.2959747904950442
      }
    }
  },
  "macro": {
    "segment": {
      "mean": 0.5425226935234546,
      "median": 0.5283494914679482,
      "std": 0.0518268969677279,
      "iqr": 0.0622766499707198,
      "q25": 0.5078410680242181,
      "q75": 0.5701177179949379,
      "p01": 0.4881529815182372,
      "p99": 0.6102152154608482,
      "n_folds": 3
    },
    "subject": {
      "mean": 0.570266439909297,
      "median": 0.5316326530612245,
      "std": 0.0780794498178099,
      "iqr": 0.08958333333333335,
      "q25": 0.5158163265306123,
      "q75": 0.6053996598639456,
      "p01": 0.5006326530612245,
      "p99": 0.6762159863945578,
      "n_folds": 3
    },
    "calibration": {
      "fixed_0.5": 0.570266439909297,
      "train_transferred": 0.5256916099773242,
      "prevalence_matched": 0.5238605442176871,
      "oracle_youden": 0.594484126984127,
      "roc_auc": 0.529171201814059
    }
  },
  "config": {
    "n_channels": 19,
    "heldout_ids": [
      "ds002778",
      "ds003490",
      "ds004584"
    ],
    "sup_epochs": 50,
    "probe_epochs": 30,
    "data_dir": "data/processed_unified"
  }
}