{
  "mode": "probe",
  "encoder_path": "results/ssl/pretrained_encoder_19ch_tuh.pt",
  "site_prior_null": {
    "segment_balanced_accuracy": 0.926605504587156,
    "subject_balanced_accuracy": 0.6538461538461539,
    "per_dataset_majority": {
      "ds002778": "PD",
      "ds003490": "PD",
      "ds004148": "HC",
      "ds004584": "PD"
    },
    "n_segments": 18721,
    "n_subjects": 270
  },
  "per_heldout": {
    "ds002778": {
      "segment": {
        "balanced_accuracy": 0.6063458856345885,
        "sensitivity": 0.5460251046025104,
        "specificity": 0.6666666666666666,
        "n_segments": 721,
        "roc_auc": 0.6532878764398987
      },
      "subject": {
        "balanced_accuracy": 0.5791666666666666,
        "sensitivity": 0.5333333333333333,
        "specificity": 0.625,
        "n_subjects": 31,
        "n_pd": 15,
        "n_hc": 16,
        "roc_auc": 0.6666666666666666
      }
    },
    "ds003490": {
      "segment": {
        "balanced_accuracy": 0.4876968642542394,
        "sensitivity": 0.9332543443917851,
        "specificity": 0.04213938411669368,
        "n_segments": 3766,
        "roc_auc": 0.4144733473132238
      },
      "subject": {
        "balanced_accuracy": 0.5,
        "sensitivity": 1.0,
        "specificity": 0.0,
        "n_subjects": 50,
        "n_pd": 25,
        "n_hc": 25,
        "roc_auc": 0.376
      }
    },
    "ds004584": {
      "segment": {
        "balanced_accuracy": 0.5248654332328669,
        "sensitivity": 0.8607907742998353,
        "specificity": 0.1889400921658986,
        "n_segments": 1865,
        "roc_auc": 0.557580910878461
      },
      "subject": {
        "balanced_accuracy": 0.5216326530612245,
        "sensitivity": 0.88,
        "specificity": 0.16326530612244897,
        "n_subjects": 149,
        "n_pd": 100,
        "n_hc": 49,
        "roc_auc": 0.5544897959183673
      }
    }
  },
  "macro": {
    "segment": {
      "mean": 0.5396360610405649,
      "median": 0.5248654332328669,
      "std": 0.04955149612947314,
      "iqr": 0.059324510690174526,
      "q25": 0.5062811487435532,
      "q75": 0.5656056594337278,
      "p01": 0.48844023563381195,
      "p99": 0.604716276586554,
      "n_folds": 3
    },
    "subject": {
      "mean": 0.5335997732426304,
      "median": 0.5216326530612245,
      "std": 0.0334090731374471,
      "iqr": 0.039583333333333304,
      "q25": 0.5108163265306123,
      "q75": 0.5503996598639456,
      "p01": 0.5004326530612245,
      "p99": 0.5780159863945578,
      "n_folds": 3
    }
  },
  "config": {
    "n_channels": 19,
    "heldout_ids": [
      "ds002778",
      "ds003490",
      "ds004584"
    ],
    "sup_epochs": 50,
    "probe_epochs": 30,
    "data_dir": "data/processed_unified"
  }
}