{
  "mode": "supervised",
  "encoder_path": null,
  "site_prior_null": {
    "segment_balanced_accuracy": 0.926605504587156,
    "subject_balanced_accuracy": 0.6538461538461539,
    "per_dataset_majority": {
      "ds002778": "PD",
      "ds003490": "PD",
      "ds004148": "HC",
      "ds004584": "PD"
    },
    "n_segments": 18721,
    "n_subjects": 270
  },
  "per_heldout": {
    "ds002778": {
      "segment": {
        "balanced_accuracy": 0.6054806549925099,
        "sensitivity": 0.8158995815899581,
        "specificity": 0.3950617283950617,
        "n_segments": 721,
        "roc_auc": 0.6831103534962205
      },
      "subject": {
        "balanced_accuracy": 0.6520833333333333,
        "sensitivity": 0.8666666666666667,
        "specificity": 0.4375,
        "n_subjects": 31,
        "n_pd": 15,
        "n_hc": 16,
        "roc_auc": 0.7333333333333333
      },
      "calibration": {
        "n_subjects": 31,
        "fixed_0.5": 0.6520833333333333,
        "prevalence_matched": 0.6125,
        "roc_auc": 0.7333333333333333,
        "oracle_youden": 0.71875,
        "train_transferred": 0.6041666666666666,
        "train_threshold": 0.877617597579956,
        "subject_scores": [
          0.8250139554341634,
          0.34992889135173755,
          0.952013103167216,
          0.7650559544563293,
          0.24722779188305138,
          0.6600655318548282,
          0.617719949541303,
          0.302888865224304,
          0.918751884251833,
          0.420035158272367,
          0.23797099565466245,
          0.3779651733348146,
          0.7060374368603031,
          0.783223922763552,
          0.8549917797247569,
          0.40611409084037103,
          0.9081540485223134,
          0.9954788627163056,
          0.7522907045825075,
          0.9308785482859,
          0.8775155102213223,
          0.5369414029022058,
          0.6977578590313593,
          0.8651307945450147,
          0.5541644553623853,
          0.8055770653299987,
          0.8317248958119308,
          0.4944811486215754,
          0.9919853061437607,
          0.9367911326752572,
          0.4558219942419479
        ],
        "subject_labels": [
          0,
          0,
          0,
          0,
          0,
          0,
          0,
          0,
          0,
          0,
          0,
          0,
          0,
          0,
          0,
          0,
          1,
          1,
          1,
          1,
          1,
          1,
          1,
          1,
          1,
          1,
          1,
          1,
          1,
          1,
          1
        ]
      }
    },
    "ds003490": {
      "segment": {
        "balanced_accuracy": 0.5126734364158224,
        "sensitivity": 0.9913112164296999,
        "specificity": 0.03403565640194489,
        "n_segments": 3766,
        "roc_auc": 0.6786673528590925
      },
      "subject": {
        "balanced_accuracy": 0.5,
        "sensitivity": 1.0,
        "specificity": 0.0,
        "n_subjects": 50,
        "n_pd": 25,
        "n_hc": 25,
        "roc_auc": 0.7344
      },
      "calibration": {
        "n_subjects": 50,
        "fixed_0.5": 0.5,
        "prevalence_matched": 0.68,
        "roc_auc": 0.7344,
        "oracle_youden": 0.7,
        "train_transferred": 0.64,
        "train_threshold": 0.8221130026014227,
        "subject_scores": [
          0.8077519353358976,
          0.8478674681819215,
          0.7502367379409927,
          0.9676986427179405,
          0.633408544744764,
          0.9000913688179218,
          0.8942861487199595,
          0.9405705213546753,
          0.8053996405382265,
          0.7564348938024562,
          0.9588260843108097,
          0.764896136522293,
          0.9827970580388141,
          0.8729787956584584,
          0.9520428247597753,
          0.8456513100379223,
          0.9315219128016129,
          0.9196309859448291,
          0.8911143096826845,
          0.8810875680028778,
          0.6715730074379179,
          0.9622763092555697,
          0.7058883065200714,
          0.9318395735219468,
          0.962039591652332,
          0.9379284127244671,
          0.9910086932090613,
          0.5635150023128676,
          0.8140751771304918,
          0.8464102655649185,
          0.8215148570360961,
          0.9623433649539948,
          0.7860092141411521,
          0.916316243318411,
          0.8716226403529828,
          0.9009211742877961,
          0.8856510162353516,
          0.6827261718206628,
          0.9488044966731155,
          0.8324209521798527,
          0.6253251924433492,
          0.8963921064367661,
          0.7537982337018276,
          0.8480158383431642,
          0.8428615384631687,
          0.9162393377182332,
          0.7187309009688241,
          0.7851496970653534,
          0.7001306516203013,
          0.7248080135608206
        ],
        "subject_labels": [
          1,
          1,
          0,
          1,
          0,
          1,
          1,
          1,
          1,
          1,
          1,
          1,
          1,
          1,
          1,
          1,
          1,
          1,
          1,
          1,
          1,
          1,
          1,
          1,
          1,
          1,
          1,
          0,
          0,
          0,
          0,
          0,
          0,
          0,
          0,
          0,
          0,
          0,
          0,
          0,
          0,
          0,
          0,
          0,
          0,
          0,
          0,
          0,
          0,
          0
        ]
      }
    },
    "ds004584": {
      "segment": {
        "balanced_accuracy": 0.5523937321115404,
        "sensitivity": 0.9481054365733114,
        "specificity": 0.15668202764976957,
        "n_segments": 1865,
        "roc_auc": 0.727171099082137
      },
      "subject": {
        "balanced_accuracy": 0.5666326530612245,
        "sensitivity": 0.97,
        "specificity": 0.16326530612244897,
        "n_subjects": 149,
        "n_pd": 100,
        "n_hc": 49,
        "roc_auc": 0.720204081632653
      },
      "calibration": {
        "n_subjects": 149,
        "fixed_0.5": 0.5666326530612245,
        "prevalence_matched": 0.6198979591836735,
        "roc_auc": 0.720204081632653,
        "oracle_youden": 0.6789795918367347,
        "train_transferred": 0.6201020408163265,
        "train_threshold": 0.915928304195404,