{
  "mode": "supervised",
  "encoder_path": null,
  "site_prior_null": {
    "segment_balanced_accuracy": 0.926605504587156,
    "subject_balanced_accuracy": 0.6538461538461539,
    "per_dataset_majority": {
      "ds002778": "PD",
      "ds003490": "PD",
      "ds004148": "HC",
      "ds004584": "PD"
    },
    "n_segments": 18721,
    "n_subjects": 270
  },
  "per_heldout": {
    "ds002778": {
      "segment": {
        "balanced_accuracy": 0.5890068357525354,
        "sensitivity": 0.9393305439330544,
        "specificity": 0.23868312757201646,
        "n_segments": 721,
        "roc_auc": 0.7129070027721818
      },
      "subject": {
        "balanced_accuracy": 0.59375,
        "sensitivity": 1.0,
        "specificity": 0.1875,
        "n_subjects": 31,
        "n_pd": 15,
        "n_hc": 16,
        "roc_auc": 0.8
      },
      "calibration": {
        "n_subjects": 31,
        "fixed_0.5": 0.59375,
        "prevalence_matched": 0.7416666666666667,
        "roc_auc": 0.8,
        "oracle_youden": 0.7729166666666667,
        "train_transferred": 0.5333333333333333,
        "train_threshold": 0.9720640941099687,
        "subject_scores": [
          0.8291196395953496,
          0.5982370893470943,
          0.7941703071817756,
          0.5744384604195754,
          0.965792965888977,
          0.7548220415910085,
          0.6717669750719021,
          0.2248435709916521,
          0.7965040476992726,
          0.3655150750496735,
          0.8029456814130147,
          0.9044756479561329,
          0.8987528185049692,
          0.8778248301574162,
          0.858403227229913,
          0.4986475067814657,
          0.9443769832452138,
          0.988791331168144,
          0.9444125672181447,
          0.8895849369657345,
          0.9478992382685344,
          0.885917063554128,
          0.856626124183337,
          0.8056483848912952,
          0.7589430494774734,
          0.891413876786828,
          0.8880507070571184,
          0.8837911786906647,
          0.9681352730840445,
          0.9582669013915094,
          0.7780283922950427
        ],
        "subject_labels": [
          0,
          0,
          0,
          0,
          0,
          0,
          0,
          0,
          0,
          0,
          0,
          0,
          0,
          0,
          0,
          0,
          1,
          1,
          1,
          1,
          1,
          1,
          1,
          1,
          1,
          1,
          1,
          1,
          1,
          1,
          1
        ]
      }
    },
    "ds003490": {
      "segment": {
        "balanced_accuracy": 0.5057663847644798,
        "sensitivity": 0.9458925750394944,
        "specificity": 0.06564019448946515,
        "n_segments": 3766,
        "roc_auc": 0.6221833785247376
      },
      "subject": {
        "balanced_accuracy": 0.5,
        "sensitivity": 1.0,
        "specificity": 0.0,
        "n_subjects": 50,
        "n_pd": 25,
        "n_hc": 25,
        "roc_auc": 0.6128
      },
      "calibration": {
        "n_subjects": 50,
        "fixed_0.5": 0.5,
        "prevalence_matched": 0.56,
        "roc_auc": 0.6128,
        "oracle_youden": 0.64,
        "train_transferred": 0.56,
        "train_threshold": 0.9643018047014872,
        "subject_scores": [
          0.7886347527145058,
          0.9410747059868002,
          0.9049907167043004,
          0.9037942217463362,
          0.8283786535263061,
          0.9360164135247363,
          0.9319009995675301,
          0.9344095787831715,
          0.8780702530652628,
          0.8319376658486284,
          0.8726137375924736,
          0.7983440421521664,
          0.9803706337046879,
          0.8691195409105281,
          0.9798041928787621,
          0.9508814137798172,
          0.8883736498147539,
          0.8853446238852561,
          0.9440278259374327,
          0.9722488399633428,
          0.7632969889375899,
          0.9766099315787119,
          0.6048733301191445,
          0.8851491240567939,
          0.9338715164968283,
          0.9018666217628034,
          0.9868824522082622,
          0.5920484914727833,
          0.8924899127172388,
          0.9004070276021957,
          0.9782972346853327,
          0.9589360886149936,
          0.8733462567453261,
          0.9318008571863174,
          0.9058896601200104,
          0.9572494268417359,
          0.7073588944143719,
          0.9076377638550692,
          0.9172936966806128,
          0.7144313681067205,
          0.7460336356677792,
          0.9463001529757793,
          0.758084735337724,
          0.8435877516217853,
          0.8966218789418539,
          0.9682584671264,
          0.8291115292481014,
          0.7972936010360718,
          0.8593428920615803,
          0.8912339800474595
        ],
        "subject_labels": [
          1,
          1,
          0,
          1,
          0,
          1,
          1,
          1,
          1,
          1,
          1,
          1,
          1,
          1,
          1,
          1,
          1,
          1,
          1,
          1,
          1,
          1,
          1,
          1,
          1,
          1,
          1,
          0,
          0,
          0,
          0,
          0,
          0,
          0,
          0,
          0,
          0,
          0,
          0,
          0,
          0,
          0,
          0,
          0,
          0,
          0,
          0,
          0,
          0,
          0
        ]
      }
    },
    "ds004584": {
      "segment": {
        "balanced_accuracy": 0.5334487305045843,
        "sensitivity": 0.9670510708401977,
        "specificity": 0.09984639016897082,
        "n_segments": 1865,
        "roc_auc": 0.7142097950941019
      },
      "subject": {
        "balanced_accuracy": 0.5054081632653061,
        "sensitivity": 0.97,
        "specificity": 0.04081632653061224,
        "n_subjects": 149,
        "n_pd": 100,
        "n_hc": 49,
        "roc_auc": 0.7089795918367346
      },
      "calibration": {
        "n_subjects": 149,
        "fixed_0.5": 0.5054081632653061,
        "prevalence_matched": 0.6503061224489797,
        "roc_auc": 0.7089795918367346,
        "oracle_youden": 0.6901020408163265,
        "train_transferred": 0.6388775510204081,
        "train_threshold": 0.9068426378071308,