{
  "mode": "probe",
  "encoder_path": "results/ssl/pretrained_encoder_19ch_opennero.pt",
  "site_prior_null": {
    "segment_balanced_accuracy": 0.926605504587156,
    "subject_balanced_accuracy": 0.6538461538461539,
    "per_dataset_majority": {
      "ds002778": "PD",
      "ds003490": "PD",
      "ds004148": "HC",
      "ds004584": "PD"
    },
    "n_segments": 18721,
    "n_subjects": 270
  },
  "per_heldout": {
    "ds002778": {
      "segment": {
        "balanced_accuracy": 0.5731701017614546,
        "sensitivity": 0.6401673640167364,
        "specificity": 0.5061728395061729,
        "n_segments": 721,
        "roc_auc": 0.566033025121821
      },
      "subject": {
        "balanced_accuracy": 0.51875,
        "sensitivity": 0.6,
        "specificity": 0.4375,
        "n_subjects": 31,
        "n_pd": 15,
        "n_hc": 16,
        "roc_auc": 0.6083333333333334
      },
      "calibration": {
        "n_subjects": 31,
        "fixed_0.5": 0.51875,
        "prevalence_matched": 0.48333333333333334,
        "roc_auc": 0.6083333333333334,
        "oracle_youden": 0.6854166666666667,
        "train_transferred": 0.46875,
        "train_threshold": 0.8038272575328225,
        "subject_scores": [
          0.5900674978892009,
          0.6480343509465456,
          0.5644591490427653,
          0.8067449609438578,
          0.37833599944909413,
          0.665796446800232,
          0.30629918376604715,
          0.3736300254240632,
          0.2720099426805973,
          0.6758833150068919,
          0.6717929244041443,
          0.5474920235574245,
          0.7580528457959493,
          0.26552884919302805,
          0.22344092205166816,
          0.32396759490172067,
          0.7460916588703791,
          0.7989676594734192,
          0.41628080457448957,
          0.3567702625997556,
          0.45071714942653973,
          0.5886018266280492,
          0.6919392973184586,
          0.6758370667695999,
          0.5478374006286744,
          0.5582690634764731,
          0.42495878832414746,
          0.40130965501973126,
          0.4187961771385744,
          0.7590787300938054,
          0.5910198350747426
        ],
        "subject_labels": [
          0,
          0,
          0,
          0,
          0,
          0,
          0,
          0,
          0,
          0,
          0,
          0,
          0,
          0,
          0,
          0,
          1,
          1,
          1,
          1,
          1,
          1,
          1,
          1,
          1,
          1,
          1,
          1,
          1,
          1,
          1
        ]
      }
    },
    "ds003490": {
      "segment": {
        "balanced_accuracy": 0.4976610567875441,
        "sensitivity": 0.9928909952606635,
        "specificity": 0.0024311183144246355,
        "n_segments": 3766,
        "roc_auc": 0.5769486072598135
      },
      "subject": {
        "balanced_accuracy": 0.5,
        "sensitivity": 1.0,
        "specificity": 0.0,
        "n_subjects": 50,
        "n_pd": 25,
        "n_hc": 25,
        "roc_auc": 0.584
      },
      "calibration": {
        "n_subjects": 50,
        "fixed_0.5": 0.5,
        "prevalence_matched": 0.56,
        "roc_auc": 0.584,
        "oracle_youden": 0.62,
        "train_transferred": 0.5,
        "train_threshold": 0.6737544238567352,
        "subject_scores": [
          0.9390615910612127,
          0.9949161434660152,
          0.9521384771381106,
          0.7327486367097923,
          0.9712557809693473,
          0.9542245928085211,
          0.9780485050098316,
          0.9146257406189329,
          0.9674398810013958,
          0.9854965818964917,
          0.8881666256735722,
          0.9333625465631485,
          0.9792893708393138,
          0.9453439206788035,
          0.9789328380506865,
          0.9243803674036318,
          0.9523162922812897,
          0.9060799932860314,
          0.9521292033842055,
          0.9743031988438872,
          0.9643123361799452,
          0.9649737321195149,
          0.9290487615458937,
          0.9402387481789256,
          0.9682602669933055,
          0.9737362080407375,
          0.9065618887543678,
          0.9755450785160065,
          0.9659914115200872,
          0.937393445968628,
          0.9523398004196308,
          0.9310253196292453,
          0.9404052627551092,
          0.911643304503881,
          0.9468118479618659,
          0.9343964374065399,
          0.8465187695291307,
          0.9667709414349046,
          0.9189019903802035,
          0.8814410836088891,
          0.9629195874387567,
          0.9455755467598255,
          0.9533484007449861,
          0.9220616843389429,
          0.9313094947073195,
          0.9012272814486889,
          0.9742493075983865,
          0.9481677353382111,
          0.9636924768036063,
          0.9641503119955257
        ],
        "subject_labels": [
          1,
          1,
          0,
          1,
          0,
          1,
          1,
          1,
          1,
          1,
          1,
          1,
          1,
          1,
          1,
          1,
          1,
          1,
          1,
          1,
          1,
          1,
          1,
          1,
          1,
          1,
          1,
          0,
          0,
          0,
          0,
          0,
          0,
          0,
          0,
          0,
          0,
          0,
          0,
          0,
          0,
          0,
          0,
          0,
          0,
          0,
          0,
          0,
          0,
          0
        ]
      }
    },
    "ds004584": {
      "segment": {
        "balanced_accuracy": 0.5227631042851323,
        "sensitivity": 0.9917627677100495,
        "specificity": 0.053763440860215055,
        "n_segments": 1865,
        "roc_auc": 0.562112653957794
      },
      "subject": {
        "balanced_accuracy": 0.5154081632653061,
        "sensitivity": 0.99,
        "specificity": 0.04081632653061224,
        "n_subjects": 149,
        "n_pd": 100,
        "n_hc": 49,
        "roc_auc": 0.5563265306122449
      },
      "calibration": {
        "n_subjects": 149,
        "fixed_0.5": 0.5154081632653061,
        "prevalence_matched": 0.5438775510204081,
        "roc_auc": 0.5563265306122449,
        "oracle_youden": 0.5743877551020409,
        "train_transferred": 0.5256122448979592,
        "train_threshold": 0.5384731867483684,