{
  "mode": "supervised",
  "encoder_path": null,
  "site_prior_null": {
    "segment_balanced_accuracy": 0.926605504587156,
    "subject_balanced_accuracy": 0.6538461538461539,
    "per_dataset_majority": {
      "ds002778": "PD",
      "ds003490": "PD",
      "ds004148": "HC",
      "ds004584": "PD"
    },
    "n_segments": 18721,
    "n_subjects": 270
  },
  "per_heldout": {
    "ds002778": {
      "segment": {
        "balanced_accuracy": 0.6421647123646194,
        "sensitivity": 0.5230125523012552,
        "specificity": 0.7613168724279835,
        "n_segments": 721,
        "roc_auc": 0.7087487301341322
      },
      "subject": {
        "balanced_accuracy": 0.6729166666666666,
        "sensitivity": 0.5333333333333333,
        "specificity": 0.8125,
        "n_subjects": 31,
        "n_pd": 15,
        "n_hc": 16,
        "roc_auc": 0.7875
      },
      "calibration": {
        "n_subjects": 31,
        "fixed_0.5": 0.6729166666666666,
        "prevalence_matched": 0.6770833333333333,
        "roc_auc": 0.7875,
        "oracle_youden": 0.7479166666666667,
        "train_transferred": 0.6,
        "train_threshold": 0.7505422731240591,
        "subject_scores": [
          0.26363191281755766,
          0.07012667578965193,
          0.6649060557285945,
          0.09579834854230285,
          0.3395777650177479,
          0.48279842279929047,
          0.07932297062070574,
          0.01952638592774747,
          0.6026686253026128,
          0.16139843801114087,
          0.09872392565011978,
          0.16316323363798801,
          0.398979154281551,
          0.16244533046691295,
          0.5085671848326456,
          0.08107727778478875,
          0.55669491092364,
          0.9686682685728996,
          0.49732330126862506,
          0.5179627907092277,
          0.5500904072299212,
          0.15449638341087849,
          0.3082890605398764,
          0.5522545658051967,
          0.23375139714147325,
          0.5436191411499749,
          0.4456868882443814,
          0.3080479262685968,
          0.8674915207084268,
          0.8371582197968995,
          0.3610588658445825
        ],
        "subject_labels": [
          0,
          0,
          0,
          0,
          0,
          0,
          0,
          0,
          0,
          0,
          0,
          0,
          0,
          0,
          0,
          0,
          1,
          1,
          1,
          1,
          1,
          1,
          1,
          1,
          1,
          1,
          1,
          1,
          1,
          1,
          1
        ]
      }
    },
    "ds003490": {
      "segment": {
        "balanced_accuracy": 0.5075010689751409,
        "sensitivity": 0.9996050552922591,
        "specificity": 0.01539708265802269,
        "n_segments": 3766,
        "roc_auc": 0.766136243762178
      },
      "subject": {
        "balanced_accuracy": 0.5,
        "sensitivity": 1.0,
        "specificity": 0.0,
        "n_subjects": 50,
        "n_pd": 25,
        "n_hc": 25,
        "roc_auc": 0.9136
      },
      "calibration": {
        "n_subjects": 50,
        "fixed_0.5": 0.5,
        "prevalence_matched": 0.84,
        "roc_auc": 0.9136,
        "oracle_youden": 0.86,
        "train_transferred": 0.8,
        "train_threshold": 0.8599724119359796,
        "subject_scores": [
          0.8939401545832234,
          0.8946176475408126,
          0.8222576890672956,
          0.9695669982050147,
          0.8139728546142578,
          0.9524545859206807,
          0.9447243487512743,
          0.9567270568438939,
          0.9320586035991537,
          0.9099296130563902,
          0.9559712304423252,
          0.8197657185792923,
          0.9813867518978734,
          0.8889759225074692,
          0.9623793637265965,
          0.8676568591916883,
          0.9298917651176453,
          0.8876853902289208,
          0.9519824138132192,
          0.9054166170739636,
          0.8376749793688456,
          0.9737907435212817,
          0.8613968426922718,
          0.9367195783659469,
          0.9733033044503467,
          0.9528576199290821,
          0.9899148654479247,
          0.6604871937762136,
          0.817963015774022,
          0.8961824488639831,
          0.9261697254799031,
          0.8584007714633588,
          0.8408252573632574,
          0.8714780340401026,
          0.8605495324501624,
          0.7718299132585525,
          0.8333670337994893,
          0.8604168489921925,
          0.93106127374299,
          0.8021868864695231,
          0.7788520157337189,
          0.8097892827712573,
          0.8597800351203756,
          0.7303216897923014,
          0.8679071280691358,
          0.8138478455391336,
          0.808489781050455,
          0.8405325901508331,
          0.7589452226053585,
          0.8674423317519986
        ],
        "subject_labels": [
          1,
          1,
          0,
          1,
          0,
          1,
          1,
          1,
          1,
          1,
          1,
          1,
          1,
          1,
          1,
          1,
          1,
          1,
          1,
          1,
          1,
          1,
          1,
          1,
          1,
          1,
          1,
          0,
          0,
          0,
          0,
          0,
          0,
          0,
          0,
          0,
          0,
          0,
          0,
          0,
          0,
          0,
          0,
          0,
          0,
          0,
          0,
          0,
          0,
          0
        ]
      }
    },
    "ds004584": {
      "segment": {
        "balanced_accuracy": 0.5644155361033716,
        "sensitivity": 0.9629324546952224,
        "specificity": 0.16589861751152074,
        "n_segments": 1865,
        "roc_auc": 0.7398768084584102
      },
      "subject": {
        "balanced_accuracy": 0.5564285714285714,
        "sensitivity": 0.97,
        "specificity": 0.14285714285714285,
        "n_subjects": 149,
        "n_pd": 100,
        "n_hc": 49,
        "roc_auc": 0.7285714285714285
      },
      "calibration": {
        "n_subjects": 149,
        "fixed_0.5": 0.5564285714285714,
        "prevalence_matched": 0.6959183673469388,
        "roc_auc": 0.7285714285714285,
        "oracle_youden": 0.696530612244898,
        "train_transferred": 0.6755102040816326,
        "train_threshold": 0.8964213967323303,