{
  "mode": "supervised",
  "encoder_path": null,
  "site_prior_null": {
    "segment_balanced_accuracy": 0.926605504587156,
    "subject_balanced_accuracy": 0.6538461538461539,
    "per_dataset_majority": {
      "ds002778": "PD",
      "ds003490": "PD",
      "ds004148": "HC",
      "ds004584": "PD"
    },
    "n_segments": 18721,
    "n_subjects": 270
  },
  "per_heldout": {
    "ds002778": {
      "segment": {
        "balanced_accuracy": 0.5934750417549116,
        "sensitivity": 0.23221757322175732,
        "specificity": 0.9547325102880658,
        "n_segments": 721,
        "roc_auc": 0.6776606918401432
      },
      "subject": {
        "balanced_accuracy": 0.6,
        "sensitivity": 0.2,
        "specificity": 1.0,
        "n_subjects": 31,
        "n_pd": 15,
        "n_hc": 16,
        "roc_auc": 0.7250000000000001
      },
      "calibration": {
        "n_subjects": 31,
        "fixed_0.5": 0.6,
        "prevalence_matched": 0.6125,
        "roc_auc": 0.7250000000000001,
        "oracle_youden": 0.7041666666666666,
        "train_transferred": 0.5,
        "train_threshold": 0.7392812010489012,
        "subject_scores": [
          0.02694980996505668,
          0.007552720934313584,
          0.23541557524974147,
          0.026378339312699003,
          0.10708924525533803,
          0.08459750539283656,
          0.015316692455477702,
          0.007729205835858011,
          0.15830673076561652,
          0.07656988095016762,
          0.0008630906361455951,
          0.001125128963053612,
          0.11951259856286925,
          0.07537167978547846,
          0.11760805878341975,
          0.001790269965204061,
          0.10839015757762051,
          0.7311509756311294,
          0.1425748379767659,
          0.1326965966013981,
          0.3649321560170696,
          0.011508454690798923,
          0.03225699659718278,
          0.05932499490002859,
          0.012498616519165338,
          0.282621815343191,
          0.19540322748434846,
          0.07163986280835216,
          0.6547476209525485,
          0.6790842342214953,
          0.00866189409607614
        ],
        "subject_labels": [
          0,
          0,
          0,
          0,
          0,
          0,
          0,
          0,
          0,
          0,
          0,
          0,
          0,
          0,
          0,
          0,
          1,
          1,
          1,
          1,
          1,
          1,
          1,
          1,
          1,
          1,
          1,
          1,
          1,
          1,
          1
        ]
      }
    },
    "ds003490": {
      "segment": {
        "balanced_accuracy": 0.5014232731890793,
        "sensitivity": 0.9996050552922591,
        "specificity": 0.0032414910858995136,
        "n_segments": 3766,
        "roc_auc": 0.7426770402062673
      },
      "subject": {
        "balanced_accuracy": 0.5,
        "sensitivity": 1.0,
        "specificity": 0.0,
        "n_subjects": 50,
        "n_pd": 25,
        "n_hc": 25,
        "roc_auc": 0.808
      },
      "calibration": {
        "n_subjects": 50,
        "fixed_0.5": 0.5,
        "prevalence_matched": 0.72,
        "roc_auc": 0.808,
        "oracle_youden": 0.78,
        "train_transferred": 0.7,
        "train_threshold": 0.9469305506119361,
        "subject_scores": [
          0.9395460383866423,
          0.9231224856814559,
          0.9474444357412202,
          0.9804858458893639,
          0.8450786982263837,
          0.9779997522180731,
          0.9781674254047978,
          0.9868167201677959,
          0.9646925069819922,
          0.9521514520696972,
          0.9718113448470831,
          0.8890571331977845,
          0.992973150745515,
          0.9315648608737521,
          0.9909096408863457,
          0.929490079213907,
          0.9781266311997349,
          0.948287974646751,
          0.983097297660375,
          0.9613200899251958,
          0.8953022446897295,
          0.9824699556070661,
          0.9068503437272037,
          0.9753924497338229,
          0.9819967841157818,
          0.9784077648977632,
          0.9934876526777561,
          0.661178206620009,
          0.8993276888909547,
          0.9445485270023346,
          0.9518317061441915,
          0.9655752137855247,
          0.8818313487164386,
          0.9233414381742477,
          0.9376503538626891,
          0.9687918901443482,
          0.8864159067471822,
          0.8990541641102281,
          0.9632796859532072,
          0.9171079011524425,
          0.8571396510709416,
          0.9260690154937598,
          0.9432890275691418,
          0.9375413150891013,
          0.9586684968736436,
          0.9689387095735428,
          0.895378318570909,
          0.9115852832794189,
          0.838211093436588,
          0.9474714386219881
        ],
        "subject_labels": [
          1,
          1,
          0,
          1,
          0,
          1,
          1,
          1,
          1,
          1,
          1,
          1,
          1,
          1,
          1,
          1,
          1,
          1,
          1,
          1,
          1,
          1,
          1,
          1,
          1,
          1,
          1,
          0,
          0,
          0,
          0,
          0,
          0,
          0,
          0,
          0,
          0,
          0,
          0,
          0,
          0,
          0,
          0,
          0,
          0,
          0,
          0,
          0,
          0,
          0
        ]
      }
    },
    "ds004584": {
      "segment": {
        "balanced_accuracy": 0.5917749147807074,
        "sensitivity": 0.8747940691927513,
        "specificity": 0.3087557603686636,
        "n_segments": 1865,
        "roc_auc": 0.7081242392264341
      },
      "subject": {
        "balanced_accuracy": 0.5980612244897959,
        "sensitivity": 0.89,
        "specificity": 0.30612244897959184,
        "n_subjects": 149,
        "n_pd": 100,
        "n_hc": 49,
        "roc_auc": 0.6961224489795919
      },
      "calibration": {
        "n_subjects": 149,
        "fixed_0.5": 0.5980612244897959,
        "prevalence_matched": 0.6198979591836735,
        "roc_auc": 0.6961224489795919,
        "oracle_youden": 0.6975510204081632,
        "train_transferred": 0.6044897959183674,
        "train_threshold": 0.7900433296958606,