{
  "mode": "supervised",
  "encoder_path": null,
  "site_prior_null": {
    "segment_balanced_accuracy": 0.926605504587156,
    "subject_balanced_accuracy": 0.6538461538461539,
    "per_dataset_majority": {
      "ds002778": "PD",
      "ds003490": "PD",
      "ds004148": "HC",
      "ds004584": "PD"
    },
    "n_segments": 18721,
    "n_subjects": 270
  },
  "per_heldout": {
    "ds002778": {
      "segment": {
        "balanced_accuracy": 0.6067462162301771,
        "sensitivity": 0.7196652719665272,
        "specificity": 0.49382716049382713,
        "n_segments": 721,
        "roc_auc": 0.6666107064758855
      },
      "subject": {
        "balanced_accuracy": 0.6166666666666667,
        "sensitivity": 0.7333333333333333,
        "specificity": 0.5,
        "n_subjects": 31,
        "n_pd": 15,
        "n_hc": 16,
        "roc_auc": 0.6916666666666667
      },
      "calibration": {
        "n_subjects": 31,
        "fixed_0.5": 0.6166666666666667,
        "prevalence_matched": 0.6770833333333333,
        "roc_auc": 0.6916666666666667,
        "oracle_youden": 0.7104166666666667,
        "train_transferred": 0.5729166666666666,
        "train_threshold": 0.8526293953259786,
        "subject_scores": [
          0.49519297778606414,
          0.23151703097391874,
          0.9638024965922037,
          0.5638888150453567,
          0.36431585599978766,
          0.6374190449714661,
          0.6909908900658289,
          0.051832814402587246,
          0.9576575495302677,
          0.4383906634524465,
          0.1988128292063872,
          0.10364019880944397,
          0.5759835156301657,
          0.7107428567750114,
          0.9166950742403667,
          0.24157319814063763,
          0.8913062532742818,
          0.9930304865683278,
          0.6996878931919733,
          0.7185129129733795,
          0.7396230222657323,
          0.2707830399274826,
          0.3012918507059415,
          0.8520468369126319,
          0.17114608166288706,
          0.6848317118128762,
          0.9466008078306913,
          0.423028500320277,
          0.9905860014259815,
          0.9554462934795179,
          0.8013832608858744
        ],
        "subject_labels": [
          0,
          0,
          0,
          0,
          0,
          0,
          0,
          0,
          0,
          0,
          0,
          0,
          0,
          0,
          0,
          0,
          1,
          1,
          1,
          1,
          1,
          1,
          1,
          1,
          1,
          1,
          1,
          1,
          1,
          1,
          1
        ]
      }
    },
    "ds003490": {
      "segment": {
        "balanced_accuracy": 0.6400427846098304,
        "sensitivity": 0.8554502369668247,
        "specificity": 0.4246353322528363,
        "n_segments": 3766,
        "roc_auc": 0.7264119753380394
      },
      "subject": {
        "balanced_accuracy": 0.7,
        "sensitivity": 0.96,
        "specificity": 0.44,
        "n_subjects": 50,
        "n_pd": 25,
        "n_hc": 25,
        "roc_auc": 0.7696
      },
      "calibration": {
        "n_subjects": 50,
        "fixed_0.5": 0.7,
        "prevalence_matched": 0.68,
        "roc_auc": 0.7696,
        "oracle_youden": 0.74,
        "train_transferred": 0.5800000000000001,
        "train_threshold": 0.9300634794765048,
        "subject_scores": [
          0.5132007250181769,
          0.916899099033706,
          0.1484728471841663,
          0.9667984678276947,
          0.5759169819099562,
          0.9051619969082602,
          0.8462454188648645,
          0.9643658479054769,
          0.7476090123427326,
          0.6617566314323441,
          0.9172652972241243,
          0.8004912657290697,
          0.9935272675688549,
          0.5368225648246631,
          0.8988665026061389,
          0.8707302287892178,
          0.9233128359016863,
          0.9703759804685065,
          0.800365703022581,
          0.9231611210660836,
          0.24685298695953356,
          0.9644845728836362,
          0.5923798072589449,
          0.7258106201757178,
          0.9594201784175221,
          0.832997198533086,
          0.9936565028933378,
          0.3691476976256008,
          0.40134809530623583,
          0.6031568732857704,
          0.8821347918775346,
          0.85976050697543,
          0.44214487506391165,
          0.9351686244973769,
          0.7127873135300783,
          0.4266661264002323,
          0.21137919906112884,
          0.6526915228297544,
          0.9104336764205966,
          0.6665008609347484,
          0.656825073486702,
          0.9327132690411347,
          0.11751710086506098,
          0.3740351162041011,
          0.8926538070042928,
          0.94639652967453,
          0.8143571178827967,
          0.462929155677557,
          0.20869220310652797,
          0.3059208337977833
        ],
        "subject_labels": [
          1,
          1,
          0,
          1,
          0,
          1,
          1,
          1,
          1,
          1,
          1,
          1,
          1,
          1,
          1,
          1,
          1,
          1,
          1,
          1,
          1,
          1,
          1,
          1,
          1,
          1,
          1,
          0,
          0,
          0,
          0,
          0,
          0,
          0,
          0,
          0,
          0,
          0,
          0,
          0,
          0,
          0,
          0,
          0,
          0,
          0,
          0,
          0,
          0,
          0
        ]
      }
    },
    "ds004584": {
      "segment": {
        "balanced_accuracy": 0.5880574050314179,
        "sensitivity": 0.9011532125205931,
        "specificity": 0.2749615975422427,
        "n_segments": 1865,
        "roc_auc": 0.7191951553433191
      },
      "subject": {
        "balanced_accuracy": 0.6078571428571429,
        "sensitivity": 0.93,
        "specificity": 0.2857142857142857,
        "n_subjects": 149,
        "n_pd": 100,
        "n_hc": 49,
        "roc_auc": 0.7383673469387755
      },
      "calibration": {
        "n_subjects": 149,
        "fixed_0.5": 0.6078571428571429,
        "prevalence_matched": 0.6503061224489797,
        "roc_auc": 0.7383673469387755,
        "oracle_youden": 0.6921428571428572,
        "train_transferred": 0.6761224489795918,
        "train_threshold": 0.8417404254277547,