{
  "mode": "supervised",
  "encoder_path": null,
  "site_prior_null": {
    "segment_balanced_accuracy": 0.926605504587156,
    "subject_balanced_accuracy": 0.6538461538461539,
    "per_dataset_majority": {
      "ds002778": "PD",
      "ds003490": "PD",
      "ds004148": "HC",
      "ds004584": "PD"
    },
    "n_segments": 18721,
    "n_subjects": 270
  },
  "per_heldout": {
    "ds002778": {
      "segment": {
        "balanced_accuracy": 0.6564991304647279,
        "sensitivity": 0.5146443514644351,
        "specificity": 0.7983539094650206,
        "n_segments": 721,
        "roc_auc": 0.7318990305973104
      },
      "subject": {
        "balanced_accuracy": 0.7041666666666666,
        "sensitivity": 0.5333333333333333,
        "specificity": 0.875,
        "n_subjects": 31,
        "n_pd": 15,
        "n_hc": 16,
        "roc_auc": 0.8166666666666667
      },
      "calibration": {
        "n_subjects": 31,
        "fixed_0.5": 0.7041666666666666,
        "prevalence_matched": 0.7416666666666667,
        "roc_auc": 0.8166666666666667,
        "oracle_youden": 0.8041666666666667,
        "train_transferred": 0.5666666666666667,
        "train_threshold": 0.8330503172344632,
        "subject_scores": [
          0.3461871490503351,
          0.012574324526212877,
          0.6285132050514222,
          0.2291009982426961,
          0.09522407270075443,
          0.31312026067947346,
          0.025664104837051126,
          0.004922756287214725,
          0.6832345421425998,
          0.19315413862932473,
          0.030628539920629312,
          0.018461807769654115,
          0.35879329809492144,
          0.05928868993500406,
          0.34973870541180074,
          0.05856539338795604,
          0.6867635123431682,
          0.9745070684340692,
          0.40974160625185807,
          0.36490196420046955,
          0.5117319844960245,
          0.1728858665873607,
          0.2935612520823876,
          0.5802567025646568,
          0.14460448595890474,
          0.5824025296169566,
          0.5408159816258831,
          0.11262754053258862,
          0.8318235441111028,
          0.841300761480517,
          0.43424850545513133
        ],
        "subject_labels": [
          0,
          0,
          0,
          0,
          0,
          0,
          0,
          0,
          0,
          0,
          0,
          0,
          0,
          0,
          0,
          0,
          1,
          1,
          1,
          1,
          1,
          1,
          1,
          1,
          1,
          1,
          1,
          1,
          1,
          1,
          1
        ]
      }
    },
    "ds003490": {
      "segment": {
        "balanced_accuracy": 0.5012155591572123,
        "sensitivity": 1.0,
        "specificity": 0.0024311183144246355,
        "n_segments": 3766,
        "roc_auc": 0.7965492266252903
      },
      "subject": {
        "balanced_accuracy": 0.5,
        "sensitivity": 1.0,
        "specificity": 0.0,
        "n_subjects": 50,
        "n_pd": 25,
        "n_hc": 25,
        "roc_auc": 0.9039999999999999
      },
      "calibration": {
        "n_subjects": 50,
        "fixed_0.5": 0.5,
        "prevalence_matched": 0.8,
        "roc_auc": 0.9039999999999999,
        "oracle_youden": 0.84,
        "train_transferred": 0.8200000000000001,
        "train_threshold": 0.8932037287288241,
        "subject_scores": [
          0.91711526660509,
          0.9018498999731881,
          0.8920149664793696,
          0.9598291399223464,
          0.88473231281553,
          0.9661607977115747,
          0.9588415434768608,
          0.9653222169194903,
          0.9578208073802378,
          0.9551273739856222,
          0.9553963442643484,
          0.8858082956075668,
          0.9827240538853471,
          0.9085545834868846,
          0.9705163976367639,
          0.911959353330973,
          0.9512774602880756,
          0.9257852168793373,
          0.9692075747554585,
          0.9683471186873839,
          0.9044957902696398,
          0.9830768765911223,
          0.9022825295666614,
          0.9492550076440324,
          0.9767374313703858,
          0.9691558931637736,
          0.9892984863657218,
          0.7478587588538295,
          0.8311484689297883,
          0.9411151874065399,
          0.9254786272843679,
          0.8881845308674706,
          0.8729321608295688,
          0.8855092387932998,
          0.9082913662378604,
          0.9421305871009826,
          0.8903011427985297,
          0.9089932621911515,
          0.963558086177759,
          0.774596656070036,
          0.8407471193508669,
          0.8966823529738647,
          0.8776376222042327,
          0.7461918087109275,
          0.9366209242078993,
          0.8319640704926025,
          0.8489279392219725,
          0.8622484183311463,
          0.7790721858089621,
          0.8865507354541701
        ],
        "subject_labels": [
          1,
          1,
          0,
          1,
          0,
          1,
          1,
          1,
          1,
          1,
          1,
          1,
          1,
          1,
          1,
          1,
          1,
          1,
          1,
          1,
          1,
          1,
          1,
          1,
          1,
          1,
          1,
          0,
          0,
          0,
          0,
          0,
          0,
          0,
          0,
          0,
          0,
          0,
          0,
          0,
          0,
          0,
          0,
          0,
          0,
          0,
          0,
          0,
          0,
          0
        ]
      }
    },
    "ds004584": {
      "segment": {
        "balanced_accuracy": 0.6102745237968706,
        "sensitivity": 0.842668863261944,
        "specificity": 0.3778801843317972,
        "n_segments": 1865,
        "roc_auc": 0.6997149234354952
      },
      "subject": {
        "balanced_accuracy": 0.593265306122449,
        "sensitivity": 0.86,
        "specificity": 0.32653061224489793,
        "n_subjects": 149,
        "n_pd": 100,
        "n_hc": 49,
        "roc_auc": 0.6906122448979591
      },
      "calibration": {
        "n_subjects": 149,
        "fixed_0.5": 0.593265306122449,
        "prevalence_matched": 0.6503061224489797,
        "roc_auc": 0.6906122448979591,
        "oracle_youden": 0.6811224489795918,
        "train_transferred": 0.6709183673469388,
        "train_threshold": 0.7651494959990184,