{
  "mode": "supervised",
  "encoder_path": null,
  "site_prior_null": {
    "segment_balanced_accuracy": 0.926605504587156,
    "subject_balanced_accuracy": 0.6538461538461539,
    "per_dataset_majority": {
      "ds002778": "PD",
      "ds003490": "PD",
      "ds004148": "HC",
      "ds004584": "PD"
    },
    "n_segments": 18721,
    "n_subjects": 270
  },
  "per_heldout": {
    "ds002778": {
      "segment": {
        "balanced_accuracy": 0.6041935706045423,
        "sensitivity": 0.7845188284518828,
        "specificity": 0.42386831275720166,
        "n_segments": 721,
        "roc_auc": 0.663713690445443
      },
      "subject": {
        "balanced_accuracy": 0.7166666666666667,
        "sensitivity": 0.9333333333333333,
        "specificity": 0.5,
        "n_subjects": 31,
        "n_pd": 15,
        "n_hc": 16,
        "roc_auc": 0.675
      },
      "calibration": {
        "n_subjects": 31,
        "fixed_0.5": 0.7166666666666667,
        "prevalence_matched": 0.5479166666666666,
        "roc_auc": 0.675,
        "oracle_youden": 0.7166666666666667,
        "train_transferred": 0.50625,
        "train_threshold": 0.8611824472363179,
        "subject_scores": [
          0.7458039278785388,
          0.15544747837702744,
          0.8722337067127228,
          0.48908273379007977,
          0.4777234197904666,
          0.7997664748380582,
          0.7903273267050585,
          0.23319615563377738,
          0.910105187445879,
          0.2918496704349915,
          0.22808328146735826,
          0.2174178495479282,
          0.7612955133120219,
          0.6887931429914066,
          0.9350293437639873,
          0.42927568486581247,
          0.7444464196761449,
          0.9839045789933973,
          0.8511318678657214,
          0.8511906284361314,
          0.8329011863718431,
          0.3796024971952041,
          0.5095990001301591,
          0.7431170314550399,
          0.526994327443742,
          0.6865059281117283,
          0.83432202305994,
          0.5426299268746693,
          0.9742609802633524,
          0.9311939044549179,
          0.5533204489698013
        ],
        "subject_labels": [
          0,
          0,
          0,
          0,
          0,
          0,
          0,
          0,
          0,
          0,
          0,
          0,
          0,
          0,
          0,
          0,
          1,
          1,
          1,
          1,
          1,
          1,
          1,
          1,
          1,
          1,
          1,
          1,
          1,
          1,
          1
        ]
      }
    },
    "ds003490": {
      "segment": {
        "balanced_accuracy": 0.4996152969702556,
        "sensitivity": 0.9984202211690363,
        "specificity": 0.0008103727714748784,
        "n_segments": 3766,
        "roc_auc": 0.7264183763867873
      },
      "subject": {
        "balanced_accuracy": 0.5,
        "sensitivity": 1.0,
        "specificity": 0.0,
        "n_subjects": 50,
        "n_pd": 25,
        "n_hc": 25,
        "roc_auc": 0.7984
      },
      "calibration": {
        "n_subjects": 50,
        "fixed_0.5": 0.5,
        "prevalence_matched": 0.68,
        "roc_auc": 0.7984,
        "oracle_youden": 0.74,
        "train_transferred": 0.68,
        "train_threshold": 0.9351631626486778,
        "subject_scores": [
          0.8424261167485226,
          0.9351362944865713,
          0.8383825698069164,
          0.9603872995025345,
          0.8716421978814262,
          0.9680837654706204,
          0.9553642074267069,
          0.9760623988651094,
          0.933338165968314,
          0.9171012303103572,
          0.9733812094976505,
          0.9108865302801132,
          0.9873226765663393,
          0.9266834632314817,
          0.9724472341488819,
          0.9450056472340146,
          0.9715746710601362,
          0.9698566648554294,
          0.9667575945288448,
          0.9741697956606284,
          0.823647822936376,
          0.9865859945615133,
          0.8708406938127724,
          0.958554828582808,
          0.9827694172906404,
          0.9770937029597828,
          0.9900444235939246,
          0.724235554104266,
          0.8592863484569218,
          0.9381013238430023,
          0.9530699010248538,
          0.959635998363848,
          0.809774584584422,
          0.9754349543498113,
          0.9341771029509031,
          0.921916366815567,
          0.8145640876558092,
          0.9085274796153224,
          0.955477798194216,
          0.8793693044606377,
          0.846713821996342,
          0.9619038758369592,
          0.6760521302831933,
          0.8781234453553739,
          0.9615643819173177,
          0.957084466802313,
          0.8911857406298319,
          0.88938037276268,
          0.7325286567211151,
          0.8129439195808099
        ],
        "subject_labels": [
          1,
          1,
          0,
          1,
          0,
          1,
          1,
          1,
          1,
          1,
          1,
          1,
          1,
          1,
          1,
          1,
          1,
          1,
          1,
          1,
          1,
          1,
          1,
          1,
          1,
          1,
          1,
          0,
          0,
          0,
          0,
          0,
          0,
          0,
          0,
          0,
          0,
          0,
          0,
          0,
          0,
          0,
          0,
          0,
          0,
          0,
          0,
          0,
          0,
          0
        ]
      }
    },
    "ds004584": {
      "segment": {
        "balanced_accuracy": 0.5608536606968876,
        "sensitivity": 0.971169686985173,
        "specificity": 0.15053763440860216,
        "n_segments": 1865,
        "roc_auc": 0.7301123350971892
      },
      "subject": {
        "balanced_accuracy": 0.5512244897959183,
        "sensitivity": 0.98,
        "specificity": 0.12244897959183673,
        "n_subjects": 149,
        "n_pd": 100,
        "n_hc": 49,
        "roc_auc": 0.7353061224489795
      },
      "calibration": {
        "n_subjects": 149,
        "fixed_0.5": 0.5512244897959183,
        "prevalence_matched": 0.6503061224489797,
        "roc_auc": 0.7353061224489795,
        "oracle_youden": 0.7173469387755103,
        "train_transferred": 0.6451020408163266,
        "train_threshold": 0.872534700234731,