{
  "mode": "supervised",
  "encoder_path": null,
  "site_prior_null": {
    "segment_balanced_accuracy": 0.926605504587156,
    "subject_balanced_accuracy": 0.6538461538461539,
    "per_dataset_majority": {
      "ds002778": "PD",
      "ds003490": "PD",
      "ds004148": "HC",
      "ds004584": "PD"
    },
    "n_segments": 18721,
    "n_subjects": 270
  },
  "per_heldout": {
    "ds002778": {
      "segment": {
        "balanced_accuracy": 0.6090621072025071,
        "sensitivity": 0.2510460251046025,
        "specificity": 0.9670781893004116,
        "n_segments": 721,
        "roc_auc": 0.6883706114296538
      },
      "subject": {
        "balanced_accuracy": 0.6,
        "sensitivity": 0.2,
        "specificity": 1.0,
        "n_subjects": 31,
        "n_pd": 15,
        "n_hc": 16,
        "roc_auc": 0.7583333333333333
      },
      "calibration": {
        "n_subjects": 31,
        "fixed_0.5": 0.6,
        "prevalence_matched": 0.6770833333333333,
        "roc_auc": 0.7583333333333333,
        "oracle_youden": 0.7166666666666667,
        "train_transferred": 0.5333333333333333,
        "train_threshold": 0.7244212542261396,
        "subject_scores": [
          0.12649126080796122,
          0.016706793423509225,
          0.03854912610258907,
          0.19015517871206006,
          0.0019826039652495334,
          0.1479056648677215,
          0.012660737000017738,
          0.015151214807701763,
          0.21590497878787573,
          0.04602153713155228,
          0.03582299465779215,
          0.002393407712588669,
          0.002000694111241804,
          0.0018399376058368944,
          0.1720707442611456,
          0.0004191808751784265,
          0.15663407701261653,
          0.7264914720529511,
          0.08732394852074019,
          0.07226775990178187,
          0.451369642582722,
          0.021229309936946567,
          0.00798111290593321,
          0.423260490995987,
          0.11746817913972923,
          0.40076543463146663,
          0.028031724439642858,
          0.023029268138943182,
          0.6824534431943903,
          0.6340715970666344,
          0.06385429224853094
        ],
        "subject_labels": [
          0,
          0,
          0,
          0,
          0,
          0,
          0,
          0,
          0,
          0,
          0,
          0,
          0,
          0,
          0,
          0,
          1,
          1,
          1,
          1,
          1,
          1,
          1,
          1,
          1,
          1,
          1,
          1,
          1,
          1,
          1
        ]
      }
    },
    "ds003490": {
      "segment": {
        "balanced_accuracy": 0.5033439078658647,
        "sensitivity": 0.9921011058451816,
        "specificity": 0.014586709886547812,
        "n_segments": 3766,
        "roc_auc": 0.7150752379269819
      },
      "subject": {
        "balanced_accuracy": 0.5,
        "sensitivity": 1.0,
        "specificity": 0.0,
        "n_subjects": 50,
        "n_pd": 25,
        "n_hc": 25,
        "roc_auc": 0.7696
      },
      "calibration": {
        "n_subjects": 50,
        "fixed_0.5": 0.5,
        "prevalence_matched": 0.72,
        "roc_auc": 0.7696,
        "oracle_youden": 0.8,
        "train_transferred": 0.54,
        "train_threshold": 0.9370868248598916,
        "subject_scores": [
          0.9752047581057395,
          0.9477580439071266,
          0.8055485021322966,
          0.8334028104332641,
          0.9680407132421222,
          0.9478954835356104,
          0.9767569196116817,
          0.9785086631774902,
          0.9757797101448322,
          0.9790989076313765,
          0.9528061360275993,
          0.9624970996379852,
          0.9812326649183868,
          0.9738453446012555,
          0.974435496086977,
          0.962050069022823,
          0.9777335113692052,
          0.9608946395443475,
          0.9801601828154871,
          0.9814181278661355,
          0.9772816585169898,
          0.9744301816773793,
          0.9700944667839142,
          0.974241588697877,
          0.9807114341471455,
          0.976556379239536,
          0.974939352617814,
          0.9465727106384609,
          0.9691574314366216,
          0.971463348865509,
          0.973698909635897,
          0.9541391288792646,
          0.9693465527001913,
          0.9404746739802738,
          0.9693177388264582,
          0.975353080034256,
          0.9573595033751594,
          0.9783623426459557,
          0.9576758129977654,
          0.830826168989434,
          0.9473813785748049,
          0.9635741229240711,
          0.9627891804309602,
          0.8388418611948905,
          0.9638064556651645,
          0.9626188443062154,
          0.9702276786168417,
          0.9396385698765516,
          0.9632204418832605,
          0.9663430780780559
        ],
        "subject_labels": [
          1,
          1,
          0,
          1,
          0,
          1,
          1,
          1,
          1,
          1,
          1,
          1,
          1,
          1,
          1,
          1,
          1,
          1,
          1,
          1,
          1,
          1,
          1,
          1,
          1,
          1,
          1,
          0,
          0,
          0,
          0,
          0,
          0,
          0,
          0,
          0,
          0,
          0,
          0,
          0,
          0,
          0,
          0,
          0,
          0,
          0,
          0,
          0,
          0,
          0
        ]
      }
    },
    "ds004584": {
      "segment": {
        "balanced_accuracy": 0.5679540030924417,
        "sensitivity": 0.8517298187808896,
        "specificity": 0.28417818740399386,
        "n_segments": 1865,
        "roc_auc": 0.5789875922734508
      },
      "subject": {
        "balanced_accuracy": 0.5320408163265307,
        "sensitivity": 0.86,
        "specificity": 0.20408163265306123,
        "n_subjects": 149,
        "n_pd": 100,
        "n_hc": 49,
        "roc_auc": 0.610204081632653
      },
      "calibration": {
        "n_subjects": 149,
        "fixed_0.5": 0.5320408163265307,
        "prevalence_matched": 0.5742857142857143,
        "roc_auc": 0.610204081632653,
        "oracle_youden": 0.6107142857142858,
        "train_transferred": 0.5940816326530612,
        "train_threshold": 0.7367825352400541,