{
  "mode": "supervised",
  "encoder_path": null,
  "site_prior_null": {
    "segment_balanced_accuracy": 0.926605504587156,
    "subject_balanced_accuracy": 0.6538461538461539,
    "per_dataset_majority": {
      "ds002778": "PD",
      "ds003490": "PD",
      "ds004148": "HC",
      "ds004584": "PD"
    },
    "n_segments": 18721,
    "n_subjects": 270
  },
  "per_heldout": {
    "ds002778": {
      "segment": {
        "balanced_accuracy": 0.5914863026671489,
        "sensitivity": 0.2405857740585774,
        "specificity": 0.9423868312757202,
        "n_segments": 721,
        "roc_auc": 0.6305077741618885
      },
      "subject": {
        "balanced_accuracy": 0.6333333333333333,
        "sensitivity": 0.26666666666666666,
        "specificity": 1.0,
        "n_subjects": 31,
        "n_pd": 15,
        "n_hc": 16,
        "roc_auc": 0.7
      },
      "calibration": {
        "n_subjects": 31,
        "fixed_0.5": 0.6333333333333333,
        "prevalence_matched": 0.6125,
        "roc_auc": 0.7,
        "oracle_youden": 0.6791666666666667,
        "train_transferred": 0.6333333333333333,
        "train_threshold": 0.5033766028421399,
        "subject_scores": [
          0.0007899259023057917,
          0.0003144505808450049,
          0.1265039818492369,
          0.017631922044286815,
          0.0011392441165905135,
          0.19864377112923345,
          0.00016933203345009435,
          0.2217001369317586,
          0.049385004956093326,
          0.004489216100773774,
          0.0013478198224523416,
          8.309201234624197e-05,
          0.0015412394893549693,
          0.0036814024206250906,
          0.44245772026091196,
          0.0010175944844377227,
          0.01603074023829928,
          0.5984529612075177,
          0.27735658948125397,
          0.03413589551070263,
          0.5440192394060432,
          0.00018381341433268972,
          0.00165684949727923,
          0.14895574913365028,
          0.09720377829123003,
          0.2669655774207058,
          0.007419769985745006,
          0.0010647625877578375,
          0.7464428882121865,
          0.8048624546806279,
          0.00036257044557714836
        ],
        "subject_labels": [
          0,
          0,
          0,
          0,
          0,
          0,
          0,
          0,
          0,
          0,
          0,
          0,
          0,
          0,
          0,
          0,
          1,
          1,
          1,
          1,
          1,
          1,
          1,
          1,
          1,
          1,
          1,
          1,
          1,
          1,
          1
        ]
      }
    },
    "ds003490": {
      "segment": {
        "balanced_accuracy": 0.49961241649831906,
        "sensitivity": 0.9830173775671406,
        "specificity": 0.01620745542949757,
        "n_segments": 3766,
        "roc_auc": 0.6895446549962746
      },
      "subject": {
        "balanced_accuracy": 0.5,
        "sensitivity": 1.0,
        "specificity": 0.0,
        "n_subjects": 50,
        "n_pd": 25,
        "n_hc": 25,
        "roc_auc": 0.7888
      },
      "calibration": {
        "n_subjects": 50,
        "fixed_0.5": 0.5,
        "prevalence_matched": 0.72,
        "roc_auc": 0.7888,
        "oracle_youden": 0.78,
        "train_transferred": 0.72,
        "train_threshold": 0.9338614692290624,
        "subject_scores": [
          0.9779698297541629,
          0.7931754455654597,
          0.8939128411667687,
          0.8477564591698216,
          0.9333501253809248,
          0.925954160183513,
          0.9813196100630202,
          0.9548399601663862,
          0.9344050719820219,
          0.9726983898359797,
          0.8645028441909138,
          0.9582022601366043,
          0.9920910801938785,
          0.9559270251880992,
          0.9559817849373331,
          0.9324397122537768,
          0.9737982883036715,
          0.9768592975241073,
          0.9503966216313637,
          0.9861174084476589,
          0.9398104356394874,
          0.9585046739805312,
          0.9405188668205078,
          0.9423418897528981,
          0.9712201362789268,
          0.9225906556092419,
          0.9863640746245017,
          0.9299306156842605,
          0.9193151878274005,
          0.8794875988364219,
          0.9529370886308176,
          0.9235091093513701,
          0.954643857169461,
          0.949810646304216,
          0.9398659994969001,
          0.9271948385238648,
          0.8340641511811151,
          0.9454016948855201,
          0.8965097692684809,
          0.7735242479864288,
          0.8972648190842434,
          0.9423139095306396,
          0.9099469844331133,
          0.827907277757059,
          0.9299794859356351,
          0.9319782079534328,
          0.9357135977063861,
          0.8807212783396244,
          0.8896591582081534,
          0.9467344989581984
        ],
        "subject_labels": [
          1,
          1,
          0,
          1,
          0,
          1,
          1,
          1,
          1,
          1,
          1,
          1,
          1,
          1,
          1,
          1,
          1,
          1,
          1,
          1,
          1,
          1,
          1,
          1,
          1,
          1,
          1,
          0,
          0,
          0,
          0,
          0,
          0,
          0,
          0,
          0,
          0,
          0,
          0,
          0,
          0,
          0,
          0,
          0,
          0,
          0,
          0,
          0,
          0,
          0
        ]
      }
    },
    "ds004584": {
      "segment": {
        "balanced_accuracy": 0.5573664391621558,
        "sensitivity": 0.6861614497528831,
        "specificity": 0.42857142857142855,
        "n_segments": 1865,
        "roc_auc": 0.5588829250146145
      },
      "subject": {
        "balanced_accuracy": 0.5594897959183673,
        "sensitivity": 0.67,
        "specificity": 0.4489795918367347,
        "n_subjects": 149,
        "n_pd": 100,
        "n_hc": 49,
        "roc_auc": 0.5736734693877551
      },
      "calibration": {
        "n_subjects": 149,
        "fixed_0.5": 0.5594897959183673,
        "prevalence_matched": 0.5286734693877551,
        "roc_auc": 0.5736734693877551,
        "oracle_youden": 0.586938775510204,
        "train_transferred": 0.5432653061224489,
        "train_threshold": 0.3437991882831109,