{
  "mode": "supervised",
  "encoder_path": null,
  "site_prior_null": {
    "segment_balanced_accuracy": 0.926605504587156,
    "subject_balanced_accuracy": 0.6538461538461539,
    "per_dataset_majority": {
      "ds002778": "PD",
      "ds003490": "PD",
      "ds004148": "HC",
      "ds004584": "PD"
    },
    "n_segments": 18721,
    "n_subjects": 270
  },
  "per_heldout": {
    "ds002778": {
      "segment": {
        "balanced_accuracy": 0.5535539025776125,
        "sensitivity": 0.13179916317991633,
        "specificity": 0.9753086419753086,
        "n_segments": 721,
        "roc_auc": 0.6487507963565613
      },
      "subject": {
        "balanced_accuracy": 0.5333333333333333,
        "sensitivity": 0.06666666666666667,
        "specificity": 1.0,
        "n_subjects": 31,
        "n_pd": 15,
        "n_hc": 16,
        "roc_auc": 0.6791666666666667
      },
      "calibration": {
        "n_subjects": 31,
        "fixed_0.5": 0.5333333333333333,
        "prevalence_matched": 0.6125,
        "roc_auc": 0.6791666666666667,
        "oracle_youden": 0.65625,
        "train_transferred": 0.5333333333333333,
        "train_threshold": 0.6450550787978702,
        "subject_scores": [
          0.1856806258050104,
          0.002458253845361469,
          0.01923228771192953,
          0.0022284473530210865,
          0.0003824400797990772,
          0.08165562952247758,
          0.041032810598456614,
          0.00027138145924254786,
          0.17195294806879247,
          0.004975841967583013,
          0.001218209628132172,
          0.0009788867851057148,
          0.05018611045088619,
          0.01099414809557077,
          0.019714286034286488,
          0.00017592115133690338,
          0.07123739667052481,
          0.0610872775892682,
          0.01951438427931862,
          0.03412798933725124,
          0.49986361073242735,
          0.009405915001601291,
          0.0013766946149795936,
          0.21629251299794608,
          0.00153299785973016,
          0.1094465049864084,
          0.002239474578118461,
          0.003007930421683175,
          0.3280647044039142,
          0.6646693232155245,
          0.0027923560395720416
        ],
        "subject_labels": [
          0,
          0,
          0,
          0,
          0,
          0,
          0,
          0,
          0,
          0,
          0,
          0,
          0,
          0,
          0,
          0,
          1,
          1,
          1,
          1,
          1,
          1,
          1,
          1,
          1,
          1,
          1,
          1,
          1,
          1,
          1
        ]
      }
    },
    "ds003490": {
      "segment": {
        "balanced_accuracy": 0.5022102821326246,
        "sensitivity": 0.985781990521327,
        "specificity": 0.018638573743922204,
        "n_segments": 3766,
        "roc_auc": 0.6741014847872675
      },
      "subject": {
        "balanced_accuracy": 0.5,
        "sensitivity": 1.0,
        "specificity": 0.0,
        "n_subjects": 50,
        "n_pd": 25,
        "n_hc": 25,
        "roc_auc": 0.744
      },
      "calibration": {
        "n_subjects": 50,
        "fixed_0.5": 0.5,
        "prevalence_matched": 0.72,
        "roc_auc": 0.744,
        "oracle_youden": 0.76,
        "train_transferred": 0.6799999999999999,
        "train_threshold": 0.9641659723387824,
        "subject_scores": [
          0.8057974248483617,
          0.9890775552817753,
          0.9392274980034147,
          0.9764825467552457,
          0.9332988551684789,
          0.9809095828483502,
          0.8970487764826766,
          0.9839471635364351,
          0.9727125229506657,
          0.911854494848977,
          0.9802989444384972,
          0.9426824889332056,
          0.9926977984366878,
          0.9876104779917785,
          0.9857599759588436,
          0.9803380343291137,
          0.9445267765267381,
          0.9757446567428872,
          0.982539928565591,
          0.976679855400754,
          0.9445392356978523,
          0.9823023123400552,
          0.9517888986920736,
          0.9848344055719154,
          0.9861087940707065,
          0.9849642584624799,
          0.9940536589576647,
          0.8879512885342473,
          0.9692124491152556,
          0.9637119221687317,
          0.984520478381051,
          0.9772286933881266,
          0.9421787540633957,
          0.9884633525059774,
          0.9688648719054002,
          0.9305513113737106,
          0.9713298665152655,
          0.9473489744718685,
          0.9521638515748476,
          0.9302730011005028,
          0.8017710697921839,
          0.974932828774819,
          0.9721515863499743,
          0.9067339463078458,
          0.9869990388552348,
          0.8864031915969037,
          0.8559818686473937,
          0.9344284474849701,
          0.9352362535216592,
          0.9627589972651734
        ],
        "subject_labels": [
          1,
          1,
          0,
          1,
          0,
          1,
          1,
          1,
          1,
          1,
          1,
          1,
          1,
          1,
          1,
          1,
          1,
          1,
          1,
          1,
          1,
          1,
          1,
          1,
          1,
          1,
          1,
          0,
          0,
          0,
          0,
          0,
          0,
          0,
          0,
          0,
          0,
          0,
          0,
          0,
          0,
          0,
          0,
          0,
          0,
          0,
          0,
          0,
          0,
          0
        ]
      }
    },
    "ds004584": {
      "segment": {
        "balanced_accuracy": 0.5568558825985621,
        "sensitivity": 0.8187808896210873,
        "specificity": 0.29493087557603687,
        "n_segments": 1865,
        "roc_auc": 0.6082373588219366
      },
      "subject": {
        "balanced_accuracy": 0.5476530612244898,
        "sensitivity": 0.83,
        "specificity": 0.2653061224489796,
        "n_subjects": 149,
        "n_pd": 100,
        "n_hc": 49,
        "roc_auc": 0.6044897959183674
      },
      "calibration": {
        "n_subjects": 149,
        "fixed_0.5": 0.5476530612244898,
        "prevalence_matched": 0.5742857142857143,
        "roc_auc": 0.6044897959183674,
        "oracle_youden": 0.611734693877551,
        "train_transferred": 0.5838775510204082,
        "train_threshold": 0.6406089942902327,