{
  "mode": "supervised",
  "encoder_path": null,
  "site_prior_null": {
    "segment_balanced_accuracy": 0.926605504587156,
    "subject_balanced_accuracy": 0.6538461538461539,
    "per_dataset_majority": {
      "ds002778": "PD",
      "ds003490": "PD",
      "ds004148": "HC",
      "ds004584": "PD"
    },
    "n_segments": 18721,
    "n_subjects": 270
  },
  "per_heldout": {
    "ds002778": {
      "segment": {
        "balanced_accuracy": 0.5187552731718237,
        "sensitivity": 0.40376569037656906,
        "specificity": 0.6337448559670782,
        "n_segments": 721,
        "roc_auc": 0.506551646951461
      },
      "subject": {
        "balanced_accuracy": 0.5104166666666666,
        "sensitivity": 0.3333333333333333,
        "specificity": 0.6875,
        "n_subjects": 31,
        "n_pd": 15,
        "n_hc": 16,
        "roc_auc": 0.5416666666666666
      },
      "calibration": {
        "n_subjects": 31,
        "fixed_0.5": 0.5104166666666666,
        "prevalence_matched": 0.5479166666666666,
        "roc_auc": 0.5416666666666666,
        "oracle_youden": 0.61875,
        "train_transferred": 0.5416666666666666,
        "train_threshold": 0.5391614205307431,
        "subject_scores": [
          0.8689158479372661,
          0.03520834964729147,
          0.31321959040748576,
          0.08999809958816817,
          0.8300627527137597,
          0.09325622757217691,
          0.019786717020906508,
          0.09036985708735301,
          0.3028430141421268,
          0.10009128400706686,
          0.5050004120445616,
          0.7803759567905217,
          0.37706765183247626,
          0.8791700409991401,
          0.15146276348580917,
          0.48118194242318474,
          0.6812183933953444,
          0.953191747588496,
          0.3281322228256613,
          0.4427642079192596,
          0.5430010294347691,
          0.04471246660129206,
          0.37960903520385425,
          0.08130710079033937,
          0.1716775240723021,
          0.32511323860671837,
          0.18233292670720402,
          0.63454966860908,
          0.7700081593357027,
          0.44190486550484676,
          0.01618329121641485
        ],
        "subject_labels": [
          0,
          0,
          0,
          0,
          0,
          0,
          0,
          0,
          0,
          0,
          0,
          0,
          0,
          0,
          0,
          0,
          1,
          1,
          1,
          1,
          1,
          1,
          1,
          1,
          1,
          1,
          1,
          1,
          1,
          1,
          1
        ]
      }
    },
    "ds003490": {
      "segment": {
        "balanced_accuracy": 0.5463951213766863,
        "sensitivity": 0.8124012638230648,
        "specificity": 0.28038897893030795,
        "n_segments": 3766,
        "roc_auc": 0.6528306397720203
      },
      "subject": {
        "balanced_accuracy": 0.54,
        "sensitivity": 0.76,
        "specificity": 0.32,
        "n_subjects": 50,
        "n_pd": 25,
        "n_hc": 25,
        "roc_auc": 0.6416
      },
      "calibration": {
        "n_subjects": 50,
        "fixed_0.5": 0.54,
        "prevalence_matched": 0.56,
        "roc_auc": 0.6416,
        "oracle_youden": 0.68,
        "train_transferred": 0.52,
        "train_threshold": 0.33476069651934426,
        "subject_scores": [
          0.973250576405115,
          0.06763150647674017,
          0.8897422552108765,
          0.8056433073270455,
          0.7699952074459621,
          0.9791971394848643,
          0.9876344274846954,
          0.8552124591278178,
          0.9835006115080296,
          0.4789494071858075,
          0.883122256744476,
          0.3831942918297136,
          0.9878528310406592,
          0.8465840209615323,
          0.7707360973771737,
          0.9808442034162916,
          0.3996331537727581,
          0.491996427006404,
          0.9881396536099709,
          0.43235048473471793,
          0.7998216148414131,
          0.9989962331832402,
          0.876421094299799,
          0.9036517114660074,
          0.9641055311306869,
          0.9931314321397577,
          0.9969929880820788,
          0.1473291418929559,
          0.8403860961552709,
          0.9959082841873169,
          0.9357126084742723,
          0.3546389885242981,
          0.6633651585396766,
          0.9219479157249085,
          0.4605988668671881,
          0.9921001982688904,
          0.9110171755154928,
          0.6868860397899393,
          0.8868359652625626,
          0.3028904256045958,
          0.5730646675371893,
          0.3550118124446901,
          0.8760961585856498,
          0.46990609730014316,
          0.9496869651807679,
          0.9569991608249381,
          0.4980331964740929,
          0.6768296015754458,
          0.39493700294273865,
          0.8969694850396137
        ],
        "subject_labels": [
          1,
          1,
          0,
          1,
          0,
          1,
          1,
          1,
          1,
          1,
          1,
          1,
          1,
          1,
          1,
          1,
          1,
          1,
          1,
          1,
          1,
          1,
          1,
          1,
          1,
          1,
          1,
          0,
          0,
          0,
          0,
          0,
          0,
          0,
          0,
          0,
          0,
          0,
          0,
          0,
          0,
          0,
          0,
          0,
          0,
          0,
          0,
          0,
          0,
          0
        ]
      }
    },
    "ds004584": {
      "segment": {
        "balanced_accuracy": 0.532233390778855,
        "sensitivity": 0.7833607907742999,
        "specificity": 0.28110599078341014,
        "n_segments": 1865,
        "roc_auc": 0.48457511824414096
      },
      "subject": {
        "balanced_accuracy": 0.5224489795918368,
        "sensitivity": 0.8,
        "specificity": 0.24489795918367346,
        "n_subjects": 149,
        "n_pd": 100,
        "n_hc": 49,
        "roc_auc": 0.4889795918367347
      },
      "calibration": {
        "n_subjects": 149,
        "fixed_0.5": 0.5224489795918368,
        "prevalence_matched": 0.5134693877551021,
        "roc_auc": 0.4889795918367347,
        "oracle_youden": 0.5266326530612245,
        "train_transferred": 0.5164285714285715,
        "train_threshold": 0.24714818576350808,