{
  "mode": "supervised",
  "encoder_path": null,
  "site_prior_null": {
    "segment_balanced_accuracy": 0.926605504587156,
    "subject_balanced_accuracy": 0.6538461538461539,
    "per_dataset_majority": {
      "ds002778": "PD",
      "ds003490": "PD",
      "ds004148": "HC",
      "ds004584": "PD"
    },
    "n_segments": 18721,
    "n_subjects": 270
  },
  "per_heldout": {
    "ds002778": {
      "segment": {
        "balanced_accuracy": 0.5068099247550666,
        "sensitivity": 0.5774058577405857,
        "specificity": 0.43621399176954734,
        "n_segments": 721,
        "roc_auc": 0.5528952941784183
      },
      "subject": {
        "balanced_accuracy": 0.55,
        "sensitivity": 0.6,
        "specificity": 0.5,
        "n_subjects": 31,
        "n_pd": 15,
        "n_hc": 16,
        "roc_auc": 0.5125
      },
      "calibration": {
        "n_subjects": 31,
        "fixed_0.5": 0.55,
        "prevalence_matched": 0.5479166666666666,
        "roc_auc": 0.5125,
        "oracle_youden": 0.5791666666666666,
        "train_transferred": 0.5770833333333334,
        "train_threshold": 0.7064724423819118,
        "subject_scores": [
          0.9354799032211304,
          0.5576034105033614,
          0.47676849856215997,
          0.4450691173435189,
          0.9586232542991638,
          0.1582474528559639,
          0.20480806254005682,
          0.6587135625049996,
          0.3260234927511192,
          0.33068325547889493,
          0.5524742926606753,
          0.7394189652986825,
          0.908910815914472,
          0.8617732184273856,
          0.21823183443508848,
          0.3845121380640194,
          0.5440665931935655,
          0.9045281105885102,
          0.37500910214148464,
          0.7202980930570704,
          0.7171252346597612,
          0.2388068429849227,
          0.8029551323658476,
          0.2897405888633026,
          0.4563487892850272,
          0.781280534050893,
          0.33879944589443767,
          0.7077060580733373,
          0.6396815373154823,
          0.8539650687663723,
          0.0870909248420503
        ],
        "subject_labels": [
          0,
          0,
          0,
          0,
          0,
          0,
          0,
          0,
          0,
          0,
          0,
          0,
          0,
          0,
          0,
          0,
          1,
          1,
          1,
          1,
          1,
          1,
          1,
          1,
          1,
          1,
          1,
          1,
          1,
          1,
          1
        ]
      }
    },
    "ds003490": {
      "segment": {
        "balanced_accuracy": 0.5782201755935692,
        "sensitivity": 0.9360189573459715,
        "specificity": 0.22042139384116693,
        "n_segments": 3766,
        "roc_auc": 0.6922947055645596
      },
      "subject": {
        "balanced_accuracy": 0.54,
        "sensitivity": 1.0,
        "specificity": 0.08,
        "n_subjects": 50,
        "n_pd": 25,
        "n_hc": 25,
        "roc_auc": 0.76
      },
      "calibration": {
        "n_subjects": 50,
        "fixed_0.5": 0.54,
        "prevalence_matched": 0.72,
        "roc_auc": 0.76,
        "oracle_youden": 0.76,
        "train_transferred": 0.64,
        "train_threshold": 0.9485718642964083,
        "subject_scores": [
          0.8419585458693966,
          0.9350658126023351,
          0.8066446017473936,
          0.8644590695896893,
          0.8824897676706314,
          0.9761608317675189,
          0.9113783082412975,
          0.9034939985899698,
          0.9729799594002209,
          0.7840169192716965,
          0.8684222758796144,
          0.7129073757922743,
          0.9946603223841678,
          0.8610517403317822,
          0.9752943935442944,
          0.8617533779795374,
          0.7254142779069986,
          0.7877719195007268,
          0.9746066155069966,
          0.8749331301798295,
          0.9496435774697198,
          0.9909243053860135,
          0.7508145121924849,
          0.8366334441139601,
          0.976217530151405,
          0.9814383607466244,
          0.9939301930941068,
          0.5296915288123748,
          0.9585631865522136,
          0.9776497554779052,
          0.8885680754427556,
          0.6944364456942788,
          0.5359138413392878,
          0.8307147842043867,
          0.7469207180234102,
          0.9979243707656861,
          0.3976872255715231,
          0.8218443109545597,
          0.7600381316955654,
          0.08764092028243742,
          0.8044929262250662,
          0.6827883567255832,
          0.7092069961289142,
          0.5693309402761414,
          0.9371240004897118,
          0.7774155461229384,
          0.920481698853629,
          0.6921013493835926,
          0.748922683563168,
          0.7983143068089777
        ],
        "subject_labels": [
          1,
          1,
          0,
          1,
          0,
          1,
          1,
          1,
          1,
          1,
          1,
          1,
          1,
          1,
          1,
          1,
          1,
          1,
          1,
          1,
          1,
          1,
          1,
          1,
          1,
          1,
          1,
          0,
          0,
          0,
          0,
          0,
          0,
          0,
          0,
          0,
          0,
          0,
          0,
          0,
          0,
          0,
          0,
          0,
          0,
          0,
          0,
          0,
          0,
          0
        ]
      }
    },
    "ds004584": {
      "segment": {
        "balanced_accuracy": 0.537966555065455,
        "sensitivity": 0.8393739703459637,
        "specificity": 0.23655913978494625,
        "n_segments": 1865,
        "roc_auc": 0.5194764359482433
      },
      "subject": {
        "balanced_accuracy": 0.5368367346938776,
        "sensitivity": 0.89,
        "specificity": 0.1836734693877551,
        "n_subjects": 149,
        "n_pd": 100,
        "n_hc": 49,
        "roc_auc": 0.5402040816326531
      },
      "calibration": {
        "n_subjects": 149,
        "fixed_0.5": 0.5368367346938776,
        "prevalence_matched": 0.5286734693877551,
        "roc_auc": 0.5402040816326531,
        "oracle_youden": 0.5653061224489796,
        "train_transferred": 0.5104081632653061,
        "train_threshold": 0.2080321277026087,