{
  "mode": "supervised",
  "encoder_path": null,
  "site_prior_null": {
    "segment_balanced_accuracy": 0.926605504587156,
    "subject_balanced_accuracy": 0.6538461538461539,
    "per_dataset_majority": {
      "ds002778": "PD",
      "ds003490": "PD",
      "ds004148": "HC",
      "ds004584": "PD"
    },
    "n_segments": 18721,
    "n_subjects": 270
  },
  "per_heldout": {
    "ds002778": {
      "segment": {
        "balanced_accuracy": 0.5596750865230642,
        "sensitivity": 0.6255230125523012,
        "specificity": 0.49382716049382713,
        "n_segments": 721,
        "roc_auc": 0.5938021936394786
      },
      "subject": {
        "balanced_accuracy": 0.5833333333333333,
        "sensitivity": 0.6666666666666666,
        "specificity": 0.5,
        "n_subjects": 31,
        "n_pd": 15,
        "n_hc": 16,
        "roc_auc": 0.6166666666666667
      },
      "calibration": {
        "n_subjects": 31,
        "fixed_0.5": 0.5833333333333333,
        "prevalence_matched": 0.6125,
        "roc_auc": 0.6166666666666667,
        "oracle_youden": 0.65,
        "train_transferred": 0.61875,
        "train_threshold": 0.4167680316604674,
        "subject_scores": [
          0.4310956777694325,
          0.848794954828918,
          0.5090179044103328,
          0.8441945334275563,
          0.06521421627743014,
          0.3397725331286589,
          0.2666632001598676,
          0.25482604075477866,
          0.8112929575145245,
          0.047458006317416826,
          0.8920971351365249,
          0.5337073963710282,
          0.821186638250947,
          0.16324094078351795,
          0.9373809933662415,
          0.12963496519708617,
          0.8497598340113958,
          0.9142605603462265,
          0.5206683825313424,
          0.626918536455681,
          0.8033161769737489,
          0.0789902738450716,
          0.6791189738626903,
          0.9297326472898324,
          0.4987039067932675,
          0.8957664929330349,
          0.48088506385374785,
          0.3104904543985013,
          0.8537836373434402,
          0.8265882410893315,
          0.013658225792460144
        ],
        "subject_labels": [
          0,
          0,
          0,
          0,
          0,
          0,
          0,
          0,
          0,
          0,
          0,
          0,
          0,
          0,
          0,
          0,
          1,
          1,
          1,
          1,
          1,
          1,
          1,
          1,
          1,
          1,
          1,
          1,
          1,
          1,
          1
        ]
      }
    },
    "ds003490": {
      "segment": {
        "balanced_accuracy": 0.49905360494263384,
        "sensitivity": 0.9948657187993681,
        "specificity": 0.0032414910858995136,
        "n_segments": 3766,
        "roc_auc": 0.5491381307913489
      },
      "subject": {
        "balanced_accuracy": 0.5,
        "sensitivity": 1.0,
        "specificity": 0.0,
        "n_subjects": 50,
        "n_pd": 25,
        "n_hc": 25,
        "roc_auc": 0.5616
      },
      "calibration": {
        "n_subjects": 50,
        "fixed_0.5": 0.5,
        "prevalence_matched": 0.52,
        "roc_auc": 0.5616,
        "oracle_youden": 0.66,
        "train_transferred": 0.5,
        "train_threshold": 0.9744890682837543,
        "subject_scores": [
          0.9910620611201051,
          0.9183542298019997,
          0.9686222672462463,
          0.9973025359213352,
          0.976896367754255,
          0.9703299494065118,
          0.9778817833006919,
          0.9847908423060463,
          0.9730398867322111,
          0.9851228938154553,
          0.9487867426699571,
          0.9886725336313248,
          0.9871882687332809,
          0.9915723698307769,
          0.9762167675154549,
          0.9812514991373629,
          0.9853931196684976,
          0.9899030327796936,
          0.9804646393000069,
          0.9828768507721498,
          0.9763240483072069,
          0.9848727810950506,
          0.9681238158639655,
          0.9787403088669444,
          0.9794362748023306,
          0.9689213940240804,
          0.989354415008655,
          0.9821375802807186,
          0.97975870837336,
          0.9843432223796844,
          0.9833037235118725,
          0.9828188562834704,
          0.9781212396435923,
          0.9937287523196294,
          0.9828689235907334,
          0.9790398967266083,
          0.9554247838755449,
          0.980652674686077,
          0.9729543464225635,
          0.9821271639244229,
          0.9729240841486237,
          0.991702104990299,
          0.963734617892732,
          0.9800237637499104,
          0.9750258154339261,
          0.933176929804873,
          0.9926809157644,
          0.9844544970989227,
          0.9811358221552589,
          0.9797616077929127
        ],
        "subject_labels": [
          1,
          1,
          0,
          1,
          0,
          1,
          1,
          1,
          1,
          1,
          1,
          1,
          1,
          1,
          1,
          1,
          1,
          1,
          1,
          1,
          1,
          1,
          1,
          1,
          1,
          1,
          1,
          0,
          0,
          0,
          0,
          0,
          0,
          0,
          0,
          0,
          0,
          0,
          0,
          0,
          0,
          0,
          0,
          0,
          0,
          0,
          0,
          0,
          0,
          0
        ]
      }
    },
    "ds004584": {
      "segment": {
        "balanced_accuracy": 0.5199528288756115,
        "sensitivity": 0.5222405271828665,
        "specificity": 0.5176651305683564,
        "n_segments": 1865,
        "roc_auc": 0.549407577241451
      },
      "subject": {
        "balanced_accuracy": 0.4794897959183674,
        "sensitivity": 0.51,
        "specificity": 0.4489795918367347,
        "n_subjects": 149,
        "n_pd": 100,
        "n_hc": 49,
        "roc_auc": 0.5255102040816326
      },
      "calibration": {
        "n_subjects": 149,
        "fixed_0.5": 0.4794897959183674,
        "prevalence_matched": 0.5590816326530612,
        "roc_auc": 0.5255102040816326,
        "oracle_youden": 0.6186734693877551,
        "train_transferred": 0.5878571428571429,
        "train_threshold": 0.21158316739512464,