{
  "mode": "probe",
  "encoder_path": "results/ssl/pretrained_encoder_19ch_opennero.pt",
  "site_prior_null": {
    "segment_balanced_accuracy": 0.926605504587156,
    "subject_balanced_accuracy": 0.6538461538461539,
    "per_dataset_majority": {
      "ds002778": "PD",
      "ds003490": "PD",
      "ds004148": "HC",
      "ds004584": "PD"
    },
    "n_segments": 18721,
    "n_subjects": 270
  },
  "per_heldout": {
    "ds002778": {
      "segment": {
        "balanced_accuracy": 0.587780016185409,
        "sensitivity": 0.6652719665271967,
        "specificity": 0.5102880658436214,
        "n_segments": 721,
        "roc_auc": 0.5823475730495722
      },
      "subject": {
        "balanced_accuracy": 0.51875,
        "sensitivity": 0.6,
        "specificity": 0.4375,
        "n_subjects": 31,
        "n_pd": 15,
        "n_hc": 16,
        "roc_auc": 0.6125
      },
      "calibration": {
        "n_subjects": 31,
        "fixed_0.5": 0.51875,
        "prevalence_matched": 0.48333333333333334,
        "roc_auc": 0.6125,
        "oracle_youden": 0.6875,
        "train_transferred": 0.5,
        "train_threshold": 0.8968087221894946
      }
    },
    "ds003490": {
      "segment": {
        "balanced_accuracy": 0.4956863332488395,
        "sensitivity": 0.9889415481832543,
        "specificity": 0.0024311183144246355,
        "n_segments": 3766,
        "roc_auc": 0.5848122956465187
      },
      "subject": {
        "balanced_accuracy": 0.5,
        "sensitivity": 1.0,
        "specificity": 0.0,
        "n_subjects": 50,
        "n_pd": 25,
        "n_hc": 25,
        "roc_auc": 0.6064
      },
      "calibration": {
        "n_subjects": 50,
        "fixed_0.5": 0.5,
        "prevalence_matched": 0.56,
        "roc_auc": 0.6064,
        "oracle_youden": 0.62,
        "train_transferred": 0.5,
        "train_threshold": 0.5997805972894033
      }
    },
    "ds004584": {
      "segment": {
        "balanced_accuracy": 0.5170862467323114,
        "sensitivity": 0.9942339373970346,
        "specificity": 0.039938556067588324,
        "n_segments": 1865,
        "roc_auc": 0.5545865314292799
      },
      "subject": {
        "balanced_accuracy": 0.5204081632653061,
        "sensitivity": 1.0,
        "specificity": 0.04081632653061224,
        "n_subjects": 149,
        "n_pd": 100,
        "n_hc": 49,
        "roc_auc": 0.5502040816326531
      },
      "calibration": {
        "n_subjects": 149,
        "fixed_0.5": 0.5204081632653061,
        "prevalence_matched": 0.5286734693877551,
        "roc_auc": 0.5502040816326531,
        "oracle_youden": 0.5591836734693878,
        "train_transferred": 0.5256122448979592,
        "train_threshold": 0.5968414843082428
      }
    }
  },
  "macro": {
    "segment": {
      "mean": 0.53351753205552,
      "median": 0.5170862467323114,
      "std": 0.03935142489783451,
      "iqr": 0.04604684146828475,
      "q25": 0.5063862899905754,
      "q75": 0.5524331314588602,
      "p01": 0.4961143315185089,
      "p99": 0.5863661407963471,
      "n_folds": 3
    },
    "subject": {
      "mean": 0.5130527210884354,
      "median": 0.51875,
      "std": 0.009254459185098004,
      "iqr": 0.010204081632653073,
      "q25": 0.509375,
      "q75": 0.5195790816326531,
      "p01": 0.500375,
      "p99": 0.520375,
      "n_folds": 3
    },
    "calibration": {
      "fixed_0.5": 0.5130527210884354,
      "train_transferred": 0.5085374149659864,
      "prevalence_matched": 0.5240022675736962,
      "oracle_youden": 0.6222278911564626,
      "roc_auc": 0.5897013605442177
    }
  },
  "config": {
    "n_channels": 19,
    "heldout_ids": [
      "ds002778",
      "ds003490",
      "ds004584"
    ],
    "sup_epochs": 50,
    "probe_epochs": 30,
    "data_dir": "data/processed_unified"
  }
}