{
  "mode": "supervised",
  "encoder_path": null,
  "site_prior_null": {
    "segment_balanced_accuracy": 0.926605504587156,
    "subject_balanced_accuracy": 0.6538461538461539,
    "per_dataset_majority": {
      "ds002778": "PD",
      "ds003490": "PD",
      "ds004148": "HC",
      "ds004584": "PD"
    },
    "n_segments": 18721,
    "n_subjects": 270
  },
  "per_heldout": {
    "ds002778": {
      "segment": {
        "balanced_accuracy": 0.5713578525061557,
        "sensitivity": 0.29497907949790797,
        "specificity": 0.8477366255144033,
        "n_segments": 721,
        "roc_auc": 0.5935826575064139
      },
      "subject": {
        "balanced_accuracy": 0.5708333333333333,
        "sensitivity": 0.26666666666666666,
        "specificity": 0.875,
        "n_subjects": 31,
        "n_pd": 15,
        "n_hc": 16,
        "roc_auc": 0.6208333333333333
      },
      "calibration": {
        "n_subjects": 31,
        "fixed_0.5": 0.5708333333333333,
        "prevalence_matched": 0.6125,
        "roc_auc": 0.6208333333333333,
        "oracle_youden": 0.6416666666666666,
        "train_transferred": 0.5666666666666667,
        "train_threshold": 0.6483418477906121,
        "subject_scores": [
          0.29709477921326954,
          0.0645925031931256,
          0.5035370710499895,
          0.04503547442145646,
          0.5489256851995985,
          0.17286524944744694,
          0.013344865602751574,
          0.004973929153493373,
          0.23041818631463684,
          0.0439928120894668,
          0.08285456669982523,
          0.06416923365031835,
          0.1940367498124639,
          0.4823206142879956,
          0.1603237179418405,
          0.04255146384627248,
          0.45002520494163034,
          0.7661698571135921,
          0.4678423180244863,
          0.23095133310282387,
          0.5187568595865741,
          0.008713887596968561,
          0.05332216537790373,
          0.05702135507696463,
          0.0810557013103408,
          0.28575838023243705,
          0.1615449426608393,
          0.1746862231238717,
          0.5253390947182197,
          0.7486029968131334,
          0.003650331277943527
        ],
        "subject_labels": [
          0,
          0,
          0,
          0,
          0,
          0,
          0,
          0,
          0,
          0,
          0,
          0,
          0,
          0,
          0,
          0,
          1,
          1,
          1,
          1,
          1,
          1,
          1,
          1,
          1,
          1,
          1,
          1,
          1,
          1,
          1
        ]
      }
    },
    "ds003490": {
      "segment": {
        "balanced_accuracy": 0.6615826336987052,
        "sensitivity": 0.6473143759873617,
        "specificity": 0.6758508914100486,
        "n_segments": 3766,
        "roc_auc": 0.7054723845954921
      },
      "subject": {
        "balanced_accuracy": 0.66,
        "sensitivity": 0.64,
        "specificity": 0.68,
        "n_subjects": 50,
        "n_pd": 25,
        "n_hc": 25,
        "roc_auc": 0.7776000000000001
      },
      "calibration": {
        "n_subjects": 50,
        "fixed_0.5": 0.66,
        "prevalence_matched": 0.68,
        "roc_auc": 0.7776000000000001,
        "oracle_youden": 0.78,
        "train_transferred": 0.6000000000000001,
        "train_threshold": 0.6508399069309234,
        "subject_scores": [
          0.9222500260158252,
          0.41791928977070303,
          0.16063414297449136,
          0.9448647968737143,
          0.3249420762793826,
          0.7851434492763611,
          0.9113825160909343,
          0.48093922508137654,
          0.38897438833607767,
          0.3610613766194665,
          0.7315256707952358,
          0.21248631891648984,
          0.990174501813868,
          0.5191126256955393,
          0.48761288337504527,
          0.5503862770190379,
          0.6042006502133677,
          0.6439545935024804,
          0.8665531636926077,
          0.6257052008463454,
          0.3505286653060466,
          0.9807721338574849,
          0.3129537042499666,
          0.2390910378159132,
          0.8981128342375897,
          0.5093625148812544,
          0.9971142560243607,
          0.023114065306245997,
          0.1678542232586314,
          0.7076414629817009,
          0.8744331297499163,
          0.1263526998701747,
          0.2381036228337023,
          0.682253073883028,
          0.20638099775085442,
          0.938131263256073,
          0.31480974290106034,
          0.5707124798060503,
          0.5759400358717692,
          0.10603681927878984,
          0.1906650344522363,
          0.3428155596327717,
          0.07033355698544294,
          0.07677118763841344,
          0.18474721312522888,
          0.9165415687763945,
          0.5225761292164125,
          0.25879103064886294,
          0.1247659023144727,
          0.32955930849575266
        ],
        "subject_labels": [
          1,
          1,
          0,
          1,
          0,
          1,
          1,
          1,
          1,
          1,
          1,
          1,
          1,
          1,
          1,
          1,
          1,
          1,
          1,
          1,
          1,
          1,
          1,
          1,
          1,
          1,
          1,
          0,
          0,
          0,
          0,
          0,
          0,
          0,
          0,
          0,
          0,
          0,
          0,
          0,
          0,
          0,
          0,
          0,
          0,
          0,
          0,
          0,
          0,
          0
        ]
      }
    },
    "ds004584": {
      "segment": {
        "balanced_accuracy": 0.5828809814833091,
        "sensitivity": 0.8616144975288303,
        "specificity": 0.30414746543778803,
        "n_segments": 1865,
        "roc_auc": 0.6473964778556371
      },
      "subject": {
        "balanced_accuracy": 0.5726530612244898,
        "sensitivity": 0.88,
        "specificity": 0.2653061224489796,
        "n_subjects": 149,
        "n_pd": 100,
        "n_hc": 49,
        "roc_auc": 0.626734693877551
      },
      "calibration": {
        "n_subjects": 149,
        "fixed_0.5": 0.5726530612244898,
        "prevalence_matched": 0.6351020408163266,
        "roc_auc": 0.626734693877551,
        "oracle_youden": 0.6555102040816326,
        "train_transferred": 0.5676530612244898,
        "train_threshold": 0.5325960006926574,