{
  "mode": "supervised",
  "encoder_path": null,
  "site_prior_null": {
    "segment_balanced_accuracy": 0.926605504587156,
    "subject_balanced_accuracy": 0.6538461538461539,
    "per_dataset_majority": {
      "ds002778": "PD",
      "ds003490": "PD",
      "ds004148": "HC",
      "ds004584": "PD"
    },
    "n_segments": 18721,
    "n_subjects": 270
  },
  "per_heldout": {
    "ds002778": {
      "segment": {
        "balanced_accuracy": 0.6318508187406374,
        "sensitivity": 0.7698744769874477,
        "specificity": 0.49382716049382713,
        "n_segments": 721,
        "roc_auc": 0.6829295590336966
      },
      "subject": {
        "balanced_accuracy": 0.65,
        "sensitivity": 0.8,
        "specificity": 0.5,
        "n_subjects": 31,
        "n_pd": 15,
        "n_hc": 16,
        "roc_auc": 0.7291666666666667
      },
      "calibration": {
        "n_subjects": 31,
        "fixed_0.5": 0.65,
        "prevalence_matched": 0.7416666666666667,
        "roc_auc": 0.7291666666666667,
        "oracle_youden": 0.74375,
        "train_transferred": 0.6395833333333334,
        "train_threshold": 0.7940166856561388,
        "subject_scores": [
          0.6229622075955074,
          0.18471192255265123,
          0.9103061954180399,
          0.33350125278811904,
          0.6035160016578932,
          0.6291488487894337,
          0.777004903058211,
          0.0001688672571162897,
          0.9598610922694206,
          0.30541482918682356,
          0.16579016781955336,
          0.18551052111797617,
          0.41662525782982507,
          0.6734878591128758,
          0.9791240572929383,
          0.13791359223414473,
          0.8155466318130493,
          0.9905254917760049,
          0.8885445773601532,
          0.7615640390819559,
          0.8127936004544608,
          0.3228378764060229,
          0.4464349386204655,
          0.7940143859013915,
          0.1590173324816973,
          0.6772772433942009,
          0.964408777654171,
          0.6614251348501332,
          0.9671853929758072,
          0.9302689404499497,
          0.7493012994527817
        ],
        "subject_labels": [
          0,
          0,
          0,
          0,
          0,
          0,
          0,
          0,
          0,
          0,
          0,
          0,
          0,
          0,
          0,
          0,
          1,
          1,
          1,
          1,
          1,
          1,
          1,
          1,
          1,
          1,
          1,
          1,
          1,
          1,
          1
        ]
      }
    },
    "ds003490": {
      "segment": {
        "balanced_accuracy": 0.5103140098473734,
        "sensitivity": 0.985781990521327,
        "specificity": 0.03484602917341977,
        "n_segments": 3766,
        "roc_auc": 0.6844964679013009
      },
      "subject": {
        "balanced_accuracy": 0.5,
        "sensitivity": 1.0,
        "specificity": 0.0,
        "n_subjects": 50,
        "n_pd": 25,
        "n_hc": 25,
        "roc_auc": 0.7568
      },
      "calibration": {
        "n_subjects": 50,
        "fixed_0.5": 0.5,
        "prevalence_matched": 0.68,
        "roc_auc": 0.7568,
        "oracle_youden": 0.72,
        "train_transferred": 0.7,
        "train_threshold": 0.9399271739853753,
        "subject_scores": [
          0.8048287489080942,
          0.9258337841958416,
          0.8506768351154668,
          0.9811775966414383,
          0.9216525946344648,
          0.9776923078479189,
          0.924905414248372,
          0.9643456402279081,
          0.9491558116057823,
          0.8019848397892454,
          0.9548751469701529,
          0.9427093589305877,
          0.9881536922147197,
          0.9482398659291894,
          0.9776890636706839,
          0.9705008628132107,
          0.9534906143123664,
          0.9655106410067132,
          0.9476228937254114,
          0.9706692904541173,
          0.9068713843822479,
          0.9823338271133484,
          0.9433326793004231,
          0.9628461932027063,
          0.9813055770822091,
          0.9783434347041602,
          0.9890673894148606,
          0.7684674094552579,
          0.883730657722639,
          0.9565612125396729,
          0.9780804073369062,
          0.9379295828165831,
          0.8718335682695563,
          0.968181210068556,
          0.9661415001520743,
          0.9585138738155365,
          0.9529085066583421,
          0.8525733691315318,
          0.9594030087454277,
          0.8499159497373244,
          0.7884213477373123,
          0.9460146713715333,
          0.7782721538492974,
          0.8673574088708215,
          0.9764237032996284,
          0.9420254274885705,
          0.8760703709863481,
          0.8170275712013244,
          0.8396915915337476,
          0.8582512626842577
        ],
        "subject_labels": [
          1,
          1,
          0,
          1,
          0,
          1,
          1,
          1,
          1,
          1,
          1,
          1,
          1,
          1,
          1,
          1,
          1,
          1,
          1,
          1,
          1,
          1,
          1,
          1,
          1,
          1,
          1,
          0,
          0,
          0,
          0,
          0,
          0,
          0,
          0,
          0,
          0,
          0,
          0,
          0,
          0,
          0,
          0,
          0,
          0,
          0,
          0,
          0,
          0,
          0
        ]
      }
    },
    "ds004584": {
      "segment": {
        "balanced_accuracy": 0.5552546203154696,
        "sensitivity": 0.9645799011532126,
        "specificity": 0.14592933947772657,
        "n_segments": 1865,
        "roc_auc": 0.7747053702705508
      },
      "subject": {
        "balanced_accuracy": 0.5564285714285714,
        "sensitivity": 0.97,
        "specificity": 0.14285714285714285,
        "n_subjects": 149,
        "n_pd": 100,
        "n_hc": 49,
        "roc_auc": 0.7740816326530612
      },
      "calibration": {
        "n_subjects": 149,
        "fixed_0.5": 0.5564285714285714,
        "prevalence_matched": 0.6503061224489797,
        "roc_auc": 0.7740816326530612,
        "oracle_youden": 0.7285714285714285,
        "train_transferred": 0.6490816326530613,
        "train_threshold": 0.900276080187824,