{
  "mode": "supervised",
  "encoder_path": null,
  "site_prior_null": {
    "segment_balanced_accuracy": 0.926605504587156,
    "subject_balanced_accuracy": 0.6538461538461539,
    "per_dataset_majority": {
      "ds002778": "PD",
      "ds003490": "PD",
      "ds004148": "HC",
      "ds004584": "PD"
    },
    "n_segments": 18721,
    "n_subjects": 270
  },
  "per_heldout": {
    "ds002778": {
      "segment": {
        "balanced_accuracy": 0.5850724038776107,
        "sensitivity": 0.2112970711297071,
        "specificity": 0.9588477366255144,
        "n_segments": 721,
        "roc_auc": 0.646607090586635
      },
      "subject": {
        "balanced_accuracy": 0.6,
        "sensitivity": 0.2,
        "specificity": 1.0,
        "n_subjects": 31,
        "n_pd": 15,
        "n_hc": 16,
        "roc_auc": 0.7083333333333333
      },
      "calibration": {
        "n_subjects": 31,
        "fixed_0.5": 0.6,
        "prevalence_matched": 0.6770833333333333,
        "roc_auc": 0.7083333333333333,
        "oracle_youden": 0.70625,
        "train_transferred": 0.66875,
        "train_threshold": 0.228319762603325,
        "subject_scores": [
          0.09091728025426467,
          0.023403207654155267,
          0.03516347426896876,
          0.1152764664342006,
          0.003208821352745872,
          0.21686265982377032,
          0.05667939437553286,
          0.05695561697405083,
          0.2634353234898299,
          0.011477918459180121,
          0.0074054976925253865,
          0.001720244577199992,
          0.0945873200505351,
          9.256274298812579e-05,
          0.022252402204321696,
          0.008630820648128671,
          0.12752045538121212,
          0.2548510525244168,
          0.18690642821845055,
          0.11341950033331671,
          0.5212755047362104,
          0.005211298405386818,
          0.03883088367632202,
          0.33524515795676657,
          0.007302995906361649,
          0.2893160750682,
          0.07710221989790966,
          0.008455532434406146,
          0.6229809627111536,
          0.7935267932572108,
          0.007702602003701031
        ],
        "subject_labels": [
          0,
          0,
          0,
          0,
          0,
          0,
          0,
          0,
          0,
          0,
          0,
          0,
          0,
          0,
          0,
          0,
          1,
          1,
          1,
          1,
          1,
          1,
          1,
          1,
          1,
          1,
          1,
          1,
          1,
          1,
          1
        ]
      }
    },
    "ds003490": {
      "segment": {
        "balanced_accuracy": 0.5733841832645861,
        "sensitivity": 0.9652448657187994,
        "specificity": 0.18152350081037277,
        "n_segments": 3766,
        "roc_auc": 0.736966184539675
      },
      "subject": {
        "balanced_accuracy": 0.52,
        "sensitivity": 1.0,
        "specificity": 0.04,
        "n_subjects": 50,
        "n_pd": 25,
        "n_hc": 25,
        "roc_auc": 0.8960000000000001
      },
      "calibration": {
        "n_subjects": 50,
        "fixed_0.5": 0.52,
        "prevalence_matched": 0.84,
        "roc_auc": 0.8960000000000001,
        "oracle_youden": 0.86,
        "train_transferred": 0.76,
        "train_threshold": 0.9001001607288014,
        "subject_scores": [
          0.7928393928594487,
          0.9502658478497547,
          0.7797946775598186,
          0.9908502745841231,
          0.5477146659578596,
          0.9318182697011665,
          0.8069312802037677,
          0.9556410187766665,
          0.9322906561281489,
          0.8838960479782976,
          0.9402928589455163,
          0.8204545539617538,
          0.9847709655120809,
          0.9251264499293433,
          0.8824049790903014,
          0.8573306580116083,
          0.8155329366332119,
          0.9088157732435997,
          0.9564145944886289,
          0.9039589685877574,
          0.8112702912754483,
          0.8772682585413494,
          0.6199502677443516,
          0.7872659726891407,
          0.9735506023510848,
          0.9094308117060985,
          0.9982334409768765,
          0.38766885095316433,
          0.7790994287832923,
          0.8388199961185455,
          0.8675828278064728,
          0.7959066800497197,
          0.596434034310378,
          0.7941179576065713,
          0.7906958483732663,
          0.7835018587112427,
          0.6523698422643873,
          0.7884802457898162,
          0.8014358891206875,
          0.5705183308352443,
          0.7141461270776662,
          0.7328967459213275,
          0.6576523875936549,
          0.6792617713951546,
          0.9339408450656467,
          0.5633734130954489,
          0.8773130476474762,
          0.7446957617998123,
          0.6488080563193018,
          0.7081797992696568
        ],
        "subject_labels": [
          1,
          1,
          0,
          1,
          0,
          1,
          1,
          1,
          1,
          1,
          1,
          1,
          1,
          1,
          1,
          1,
          1,
          1,
          1,
          1,
          1,
          1,
          1,
          1,
          1,
          1,
          1,
          0,
          0,
          0,
          0,
          0,
          0,
          0,
          0,
          0,
          0,
          0,
          0,
          0,
          0,
          0,
          0,
          0,
          0,
          0,
          0,
          0,
          0,
          0
        ]
      }
    },
    "ds004584": {
      "segment": {
        "balanced_accuracy": 0.5553039677900177,
        "sensitivity": 0.3978583196046129,
        "specificity": 0.7127496159754224,
        "n_segments": 1865,
        "roc_auc": 0.5796847835164252
      },
      "subject": {
        "balanced_accuracy": 0.5269387755102041,
        "sensitivity": 0.36,
        "specificity": 0.6938775510204082,
        "n_subjects": 149,
        "n_pd": 100,
        "n_hc": 49,
        "roc_auc": 0.5493877551020409
      },
      "calibration": {
        "n_subjects": 149,
        "fixed_0.5": 0.5269387755102041,
        "prevalence_matched": 0.5134693877551021,
        "roc_auc": 0.5493877551020409,
        "oracle_youden": 0.5659183673469388,
        "train_transferred": 0.531734693877551,
        "train_threshold": 0.40602474082261325,