{
  "mode": "supervised",
  "encoder_path": null,
  "site_prior_null": {
    "segment_balanced_accuracy": 0.926605504587156,
    "subject_balanced_accuracy": 0.6538461538461539,
    "per_dataset_majority": {
      "ds002778": "PD",
      "ds003490": "PD",
      "ds004148": "HC",
      "ds004584": "PD"
    },
    "n_segments": 18721,
    "n_subjects": 270
  },
  "per_heldout": {
    "ds002778": {
      "segment": {
        "balanced_accuracy": 0.6079127709764622,
        "sensitivity": 0.23640167364016737,
        "specificity": 0.9794238683127572,
        "n_segments": 721,
        "roc_auc": 0.6858653167346798
      },
      "subject": {
        "balanced_accuracy": 0.6333333333333333,
        "sensitivity": 0.26666666666666666,
        "specificity": 1.0,
        "n_subjects": 31,
        "n_pd": 15,
        "n_hc": 16,
        "roc_auc": 0.8041666666666667
      },
      "calibration": {
        "n_subjects": 31,
        "fixed_0.5": 0.6333333333333333,
        "prevalence_matched": 0.6770833333333333,
        "roc_auc": 0.8041666666666667,
        "oracle_youden": 0.7375,
        "train_transferred": 0.5666666666666667,
        "train_threshold": 0.5881669627768653,
        "subject_scores": [
          0.1521702755863468,
          0.07602690905332565,
          0.07413508056973418,
          0.047915765262829764,
          0.030155137654704352,
          0.067553478704455,
          0.009203032283888508,
          0.003152220599076827,
          0.02889924850751413,
          0.007039193454935836,
          0.16888155086586873,
          0.11506670035305433,
          0.005941936286399141,
          0.03970200928077767,
          0.11330524164562424,
          0.002079217027251919,
          0.2479559349284197,
          0.8017781174951985,
          0.063250288303243,
          0.04943494830811874,
          0.504915416398823,
          0.008184568514116109,
          0.07450734694333126,
          0.22631044720765203,
          0.1363703454318907,
          0.2913703417725628,
          0.10620902488517459,
          0.12630304171894255,
          0.5370538244678755,
          0.627362674291362,
          0.04686773664628466
        ],
        "subject_labels": [
          0,
          0,
          0,
          0,
          0,
          0,
          0,
          0,
          0,
          0,
          0,
          0,
          0,
          0,
          0,
          0,
          1,
          1,
          1,
          1,
          1,
          1,
          1,
          1,
          1,
          1,
          1,
          1,
          1,
          1,
          1
        ]
      }
    },
    "ds003490": {
      "segment": {
        "balanced_accuracy": 0.5041337972813466,
        "sensitivity": 0.9936808846761453,
        "specificity": 0.014586709886547812,
        "n_segments": 3766,
        "roc_auc": 0.6808049830884293
      },
      "subject": {
        "balanced_accuracy": 0.5,
        "sensitivity": 1.0,
        "specificity": 0.0,
        "n_subjects": 50,
        "n_pd": 25,
        "n_hc": 25,
        "roc_auc": 0.7120000000000001
      },
      "calibration": {
        "n_subjects": 50,
        "fixed_0.5": 0.5,
        "prevalence_matched": 0.68,
        "roc_auc": 0.7120000000000001,
        "oracle_youden": 0.7,
        "train_transferred": 0.6799999999999999,
        "train_threshold": 0.9805915951728821,
        "subject_scores": [
          0.9860703650341239,
          0.9742887634403852,
          0.8229123393871954,
          0.891749359683932,
          0.9853959730693272,
          0.9434012160142602,
          0.9881429768897392,
          0.9876325028283256,
          0.984239926283387,
          0.9903198953555978,
          0.9579393581176797,
          0.9814444953203201,
          0.9898005172770511,
          0.979473064042101,
          0.9820537947270335,
          0.9757330899571514,
          0.9821868058547233,
          0.9709625564753375,
          0.987685039892035,
          0.9907807793813882,
          0.9880680508083768,
          0.9893422755930159,
          0.9882719193596438,
          0.9851448175519012,
          0.9906139999332995,
          0.9872366629757927,
          0.9817467584059789,
          0.9790435718453449,
          0.9769716457180355,
          0.9593043184280395,
          0.987813307179345,
          0.9627553412207851,
          0.9860626846164852,
          0.8578691862416096,
          0.9776375935627863,
          0.9878401410579681,
          0.9758124139573839,
          0.9903990959012231,
          0.9694893176079189,
          0.8650975942830829,
          0.9724118303168904,
          0.9831721748297031,
          0.9809987633786303,
          0.9058796925389249,
          0.9636444952752855,
          0.9783924932175494,
          0.9844750350429898,
          0.9438151897490025,
          0.9834190932187167,
          0.980482684106243
        ],
        "subject_labels": [
          1,
          1,
          0,
          1,
          0,
          1,
          1,
          1,
          1,
          1,
          1,
          1,
          1,
          1,
          1,
          1,
          1,
          1,
          1,
          1,
          1,
          1,
          1,
          1,
          1,
          1,
          1,
          0,
          0,
          0,
          0,
          0,
          0,
          0,
          0,
          0,
          0,
          0,
          0,
          0,
          0,
          0,
          0,
          0,
          0,
          0,
          0,
          0,
          0,
          0
        ]
      }
    },
    "ds004584": {
      "segment": {
        "balanced_accuracy": 0.6065215850914953,
        "sensitivity": 0.6861614497528831,
        "specificity": 0.5268817204301075,
        "n_segments": 1865,
        "roc_auc": 0.6373036539906922
      },
      "subject": {
        "balanced_accuracy": 0.6153061224489795,
        "sensitivity": 0.7,
        "specificity": 0.5306122448979592,
        "n_subjects": 149,
        "n_pd": 100,
        "n_hc": 49,
        "roc_auc": 0.6444897959183674
      },
      "calibration": {
        "n_subjects": 149,
        "fixed_0.5": 0.6153061224489795,
        "prevalence_matched": 0.5894897959183674,
        "roc_auc": 0.6444897959183674,
        "oracle_youden": 0.6431632653061224,
        "train_transferred": 0.5944897959183674,
        "train_threshold": 0.3793233064701781,