{
  "mode": "probe",
  "encoder_path": "results/ssl/pretrained_encoder_19ch_opennero.pt",
  "site_prior_null": {
    "segment_balanced_accuracy": 0.926605504587156,
    "subject_balanced_accuracy": 0.6538461538461539,
    "per_dataset_majority": {
      "ds002778": "PD",
      "ds003490": "PD",
      "ds004148": "HC",
      "ds004584": "PD"
    },
    "n_segments": 18721,
    "n_subjects": 270
  },
  "per_heldout": {
    "ds002778": {
      "segment": {
        "balanced_accuracy": 0.5796184375914735,
        "sensitivity": 0.6736401673640168,
        "specificity": 0.48559670781893005,
        "n_segments": 721,
        "roc_auc": 0.5693906365686933
      },
      "subject": {
        "balanced_accuracy": 0.51875,
        "sensitivity": 0.6,
        "specificity": 0.4375,
        "n_subjects": 31,
        "n_pd": 15,
        "n_hc": 16,
        "roc_auc": 0.6125
      },
      "calibration": {
        "n_subjects": 31,
        "fixed_0.5": 0.51875,
        "prevalence_matched": 0.48333333333333334,
        "roc_auc": 0.6125,
        "oracle_youden": 0.6854166666666667,
        "train_transferred": 0.5020833333333333,
        "train_threshold": 0.7962729378982827,
        "subject_scores": [
          0.6126293738683065,
          0.6582522764801979,
          0.5885724584261577,
          0.8116012295087178,
          0.3906667649745941,
          0.677651955684026,
          0.32970813612143196,
          0.3938882425427437,
          0.2955467840656638,
          0.6851580699284872,
          0.6890930235385895,
          0.5569711793214083,
          0.7699540098508199,
          0.25602842920592855,
          0.25529550909996035,
          0.3204490045706431,
          0.7683789124091466,
          0.8148114969653468,
          0.4140715981523196,
          0.3861286024061533,
          0.4592179380357265,
          0.6119288196166356,
          0.7020876536766688,
          0.6951817919810613,
          0.5604804090915187,
          0.5746196075342596,
          0.45459862938150764,
          0.41851048036055133,
          0.43907356867566705,
          0.7740820752162683,
          0.5914396564165751
        ],
        "subject_labels": [
          0,
          0,
          0,
          0,
          0,
          0,
          0,
          0,
          0,
          0,
          0,
          0,
          0,
          0,
          0,
          0,
          1,
          1,
          1,
          1,
          1,
          1,
          1,
          1,
          1,
          1,
          1,
          1,
          1,
          1,
          1
        ]
      }
    },
    "ds003490": {
      "segment": {
        "balanced_accuracy": 0.4960812779565804,
        "sensitivity": 0.9897314375987362,
        "specificity": 0.0024311183144246355,
        "n_segments": 3766,
        "roc_auc": 0.5799534195682621
      },
      "subject": {
        "balanced_accuracy": 0.5,
        "sensitivity": 1.0,
        "specificity": 0.0,
        "n_subjects": 50,
        "n_pd": 25,
        "n_hc": 25,
        "roc_auc": 0.5904
      },
      "calibration": {
        "n_subjects": 50,
        "fixed_0.5": 0.5,
        "prevalence_matched": 0.56,
        "roc_auc": 0.5904,
        "oracle_youden": 0.62,
        "train_transferred": 0.5,
        "train_threshold": 0.6917019394727854,
        "subject_scores": [
          0.9351749849575822,
          0.9950184955888864,
          0.946592743907656,
          0.713995449244976,
          0.9683464220591954,
          0.9505822078296633,
          0.9764509179570653,
          0.8999246449697585,
          0.9646115337295094,
          0.9845966087735217,
          0.8909215992316604,
          0.9273325610160827,
          0.9765456786719702,
          0.9398348241141348,
          0.9771063388610373,
          0.9136934704608746,
          0.9482147190177325,
          0.9014730748343975,
          0.9484810773598946,
          0.9753102592586242,
          0.9608371986283196,
          0.9618710695751129,
          0.9190831126936947,
          0.9334458341432172,
          0.9667764235251021,
          0.9712893731385759,
          0.9011199468603501,
          0.9735445989214856,
          0.9624590407247129,
          0.9291928374767303,
          0.9454122461654522,
          0.9222383068667518,
          0.9346747297745246,
          0.9047746750024649,
          0.9398734867572784,
          0.9281985807418823,
          0.8233462784025404,
          0.9648990755857423,
          0.9092437034113365,
          0.873195602613337,
          0.9596878967501901,
          0.9394484368654398,
          0.9498733928863038,
          0.9127796499625497,
          0.9236504210366143,
          0.8958140586284881,
          0.9715683985324133,
          0.9417529916763305,
          0.9597648124803196,
          0.9599805449952885
        ],
        "subject_labels": [
          1,
          1,
          0,
          1,
          0,
          1,
          1,
          1,
          1,
          1,
          1,
          1,
          1,
          1,
          1,
          1,
          1,
          1,
          1,
          1,
          1,
          1,
          1,
          1,
          1,
          1,
          1,
          0,
          0,
          0,
          0,
          0,
          0,
          0,
          0,
          0,
          0,
          0,
          0,
          0,
          0,
          0,
          0,
          0,
          0,
          0,
          0,
          0,
          0,
          0
        ]
      }
    },
    "ds004584": {
      "segment": {
        "balanced_accuracy": 0.520870818434192,
        "sensitivity": 0.9925864909390445,
        "specificity": 0.04915514592933948,
        "n_segments": 1865,
        "roc_auc": 0.5540652196468745
      },
      "subject": {
        "balanced_accuracy": 0.5154081632653061,
        "sensitivity": 0.99,
        "specificity": 0.04081632653061224,
        "n_subjects": 149,
        "n_pd": 100,
        "n_hc": 49,
        "roc_auc": 0.5471428571428572
      },
      "calibration": {
        "n_subjects": 149,
        "fixed_0.5": 0.5154081632653061,
        "prevalence_matched": 0.5286734693877551,
        "roc_auc": 0.5471428571428572,
        "oracle_youden": 0.5636734693877551,
        "train_transferred": 0.5154081632653061,
        "train_threshold": 0.49709853317056385,