{
  "mode": "supervised",
  "encoder_path": null,
  "site_prior_null": {
    "segment_balanced_accuracy": 0.926605504587156,
    "subject_balanced_accuracy": 0.6538461538461539,
    "per_dataset_majority": {
      "ds002778": "PD",
      "ds003490": "PD",
      "ds004148": "HC",
      "ds004584": "PD"
    },
    "n_segments": 18721,
    "n_subjects": 270
  },
  "per_heldout": {
    "ds002778": {
      "segment": {
        "balanced_accuracy": 0.5395294178418306,
        "sensitivity": 0.17782426778242677,
        "specificity": 0.9012345679012346,
        "n_segments": 721,
        "roc_auc": 0.5459045749608278
      },
      "subject": {
        "balanced_accuracy": 0.5666666666666667,
        "sensitivity": 0.13333333333333333,
        "specificity": 1.0,
        "n_subjects": 31,
        "n_pd": 15,
        "n_hc": 16,
        "roc_auc": 0.5875
      },
      "calibration": {
        "n_subjects": 31,
        "fixed_0.5": 0.5666666666666667,
        "prevalence_matched": 0.5479166666666666,
        "roc_auc": 0.5875,
        "oracle_youden": 0.6479166666666667,
        "train_transferred": 0.5,
        "train_threshold": 0.9460239807764689,
        "subject_scores": [
          0.2095211015975413,
          0.010304450366675155,
          0.27102264378530283,
          0.005230319565938165,
          0.0016782769816927612,
          0.22562612146915248,
          0.13741912456268135,
          0.0028280911392357666,
          0.33021697172080167,
          0.006979184306692332,
          0.011913806454200919,
          0.03335719579990837,
          0.2639491163232985,
          0.021819925153977238,
          0.18152976350393146,
          0.009428943460807204,
          0.14589191365618415,
          0.014959410935144631,
          0.04519340935609459,
          0.21657102835515382,
          0.5336752557719592,
          0.0026625269805663266,
          0.10301946404312427,
          0.2203219501262841,
          0.07133726055467231,
          0.19897152928206197,
          0.035122434140248515,
          0.005618165133372796,
          0.39035847029663273,
          0.7664832969404463,
          0.0018593217430558676
        ],
        "subject_labels": [
          0,
          0,
          0,
          0,
          0,
          0,
          0,
          0,
          0,
          0,
          0,
          0,
          0,
          0,
          0,
          0,
          1,
          1,
          1,
          1,
          1,
          1,
          1,
          1,
          1,
          1,
          1,
          1,
          1,
          1,
          1
        ]
      }
    },
    "ds003490": {
      "segment": {
        "balanced_accuracy": 0.5009742396194192,
        "sensitivity": 0.9873617693522907,
        "specificity": 0.014586709886547812,
        "n_segments": 3766,
        "roc_auc": 0.6321507715824161
      },
      "subject": {
        "balanced_accuracy": 0.5,
        "sensitivity": 1.0,
        "specificity": 0.0,
        "n_subjects": 50,
        "n_pd": 25,
        "n_hc": 25,
        "roc_auc": 0.6175999999999999
      },
      "calibration": {
        "n_subjects": 50,
        "fixed_0.5": 0.5,
        "prevalence_matched": 0.56,
        "roc_auc": 0.6175999999999999,
        "oracle_youden": 0.66,
        "train_transferred": 0.5,
        "train_threshold": 0.7350159340227643,
        "subject_scores": [
          0.9438880779129523,
          0.9558068821966952,
          0.9503082792673793,
          0.8617552714136504,
          0.9717736278261457,
          0.9660914196883272,
          0.9539908403971207,
          0.9627206453255245,
          0.9688541624566605,
          0.9657312281753706,
          0.9469682101431923,
          0.9345862439274788,
          0.9867986985432204,
          0.9825772799626745,
          0.9607396746168331,
          0.9829552710593283,
          0.9791958835518476,
          0.9853730398289701,
          0.977521809480958,
          0.9835182864641406,
          0.9781370176209344,
          0.9849980397829934,
          0.9757463386259884,
          0.9844667960044949,
          0.9845669470211067,
          0.9830494656146151,
          0.9900166753392953,
          0.9523103094619253,
          0.9633951433326887,
          0.9805672657489777,
          0.9866240289476182,
          0.9621961547268761,
          0.976088107406319,
          0.9665982923828639,
          0.9805992715633832,
          0.9793669605255126,
          0.9804359608226352,
          0.9764350042786709,
          0.9756547557680231,
          0.7549724853917152,
          0.9311431031250819,
          0.9357038088715993,
          0.9756349160316142,
          0.90948928601068,
          0.9891999098989699,
          0.9344067384459157,
          0.9627954903103056,
          0.9587792384624482,
          0.9769709652120416,
          0.973522311570693
        ],
        "subject_labels": [
          1,
          1,
          0,
          1,
          0,
          1,
          1,
          1,
          1,
          1,
          1,
          1,
          1,
          1,
          1,
          1,
          1,
          1,
          1,
          1,
          1,
          1,
          1,
          1,
          1,
          1,
          1,
          0,
          0,
          0,
          0,
          0,
          0,
          0,
          0,
          0,
          0,
          0,
          0,
          0,
          0,
          0,
          0,
          0,
          0,
          0,
          0,
          0,
          0,
          0
        ]
      }
    },
    "ds004584": {
      "segment": {
        "balanced_accuracy": 0.5025711299559416,
        "sensitivity": 0.985172981878089,
        "specificity": 0.019969278033794162,
        "n_segments": 1865,
        "roc_auc": 0.5405364197015363
      },
      "subject": {
        "balanced_accuracy": 0.5052040816326531,
        "sensitivity": 0.99,
        "specificity": 0.02040816326530612,
        "n_subjects": 149,
        "n_pd": 100,
        "n_hc": 49,
        "roc_auc": 0.5483673469387754
      },
      "calibration": {
        "n_subjects": 149,
        "fixed_0.5": 0.5052040816326531,
        "prevalence_matched": 0.5590816326530612,
        "roc_auc": 0.5483673469387754,
        "oracle_youden": 0.5690816326530612,
        "train_transferred": 0.5110204081632653,
        "train_threshold": 0.8293087562689414,