{
  "mode": "probe",
  "encoder_path": "results/ssl/pretrained_encoder_19ch_tuh.pt",
  "site_prior_null": {
    "segment_balanced_accuracy": 0.926605504587156,
    "subject_balanced_accuracy": 0.6538461538461539,
    "per_dataset_majority": {
      "ds002778": "PD",
      "ds003490": "PD",
      "ds004148": "HC",
      "ds004584": "PD"
    },
    "n_segments": 18721,
    "n_subjects": 270
  },
  "per_heldout": {
    "ds002778": {
      "segment": {
        "balanced_accuracy": 0.6064491967560308,
        "sensitivity": 0.5585774058577406,
        "specificity": 0.654320987654321,
        "n_segments": 721,
        "roc_auc": 0.65519913218658
      },
      "subject": {
        "balanced_accuracy": 0.5791666666666666,
        "sensitivity": 0.5333333333333333,
        "specificity": 0.625,
        "n_subjects": 31,
        "n_pd": 15,
        "n_hc": 16,
        "roc_auc": 0.6541666666666667
      },
      "calibration": {
        "n_subjects": 31,
        "fixed_0.5": 0.5791666666666666,
        "prevalence_matched": 0.6125,
        "roc_auc": 0.6541666666666667,
        "oracle_youden": 0.6791666666666667,
        "train_transferred": 0.6083333333333334,
        "train_threshold": 0.5501567870378494,
        "subject_scores": [
          0.6266266882419587,
          0.4244370888918638,
          0.3330903023481369,
          0.4330560783545176,
          0.27302127579847973,
          0.7222178498903911,
          0.6053139209747315,
          0.04579792113509029,
          0.6481305696070194,
          0.500032530228297,
          0.5001556475957235,
          0.18368062423542142,
          0.39875123898188275,
          0.1491351933883769,
          0.46699174841245017,
          0.10525094916423162,
          0.527902897198995,
          0.5757889363073534,
          0.3235179332395395,
          0.49242275915084743,
          0.5933429462214311,
          0.8181710253159206,
          0.4857031395037969,
          0.551833818356196,
          0.2904063352654057,
          0.4767676752526313,
          0.6048809234052896,
          0.4213747397968263,
          0.39470137981697917,
          0.7727763143024946,
          0.5559913419187069
        ],
        "subject_labels": [
          0,
          0,
          0,
          0,
          0,
          0,
          0,
          0,
          0,
          0,
          0,
          0,
          0,
          0,
          0,
          0,
          1,
          1,
          1,
          1,
          1,
          1,
          1,
          1,
          1,
          1,
          1,
          1,
          1,
          1,
          1
        ]
      }
    },
    "ds003490": {
      "segment": {
        "balanced_accuracy": 0.4870093916187228,
        "sensitivity": 0.9237756714060031,
        "specificity": 0.050243111831442464,
        "n_segments": 3766,
        "roc_auc": 0.40852069203018226
      },
      "subject": {
        "balanced_accuracy": 0.5,
        "sensitivity": 1.0,
        "specificity": 0.0,
        "n_subjects": 50,
        "n_pd": 25,
        "n_hc": 25,
        "roc_auc": 0.36800000000000005
      },
      "calibration": {
        "n_subjects": 50,
        "fixed_0.5": 0.5,
        "prevalence_matched": 0.36,
        "roc_auc": 0.36800000000000005,
        "oracle_youden": 0.52,
        "train_transferred": 0.5,
        "train_threshold": 0.4191361144185066,
        "subject_scores": [
          0.8394988070252121,
          0.629589492721217,
          0.868761175445148,
          0.5886686812820179,
          0.9155822685786656,
          0.8051533621143211,
          0.8112222984567419,
          0.8944289320991152,
          0.797950302047291,
          0.8178975361844768,
          0.5379525879009938,
          0.8056462839245796,
          0.82176544333017,
          0.8862273693084717,
          0.8866095999065711,
          0.7853568701056747,
          0.7551928637097183,
          0.831342359172537,
          0.8494463908975407,
          0.8325769919710061,
          0.8569631079832712,
          0.9233176977861495,
          0.8233238975685763,
          0.9343940490900084,
          0.7309355110225111,
          0.7975780937856841,
          0.5937834647125922,
          0.8811958885711172,
          0.9190116187800532,
          0.8972709321975708,
          0.7312035516456321,
          0.899855747267052,
          0.885266962763551,
          0.8749425302331264,
          0.7994421233351414,
          0.783499647974968,
          0.9245341115527683,
          0.5916570584441341,
          0.87257383620007,
          0.6579179683444547,
          0.7407310185107318,
          0.7860990166664124,
          0.8994875626361116,
          0.846067810188169,
          0.904703578684065,
          0.8813100285986637,
          0.6324632196199327,
          0.8920538353919983,
          0.7926645590500399,
          0.9286905320323243
        ],
        "subject_labels": [
          1,
          1,
          0,
          1,
          0,
          1,
          1,
          1,
          1,
          1,
          1,
          1,
          1,
          1,
          1,
          1,
          1,
          1,
          1,
          1,
          1,
          1,
          1,
          1,
          1,
          1,
          1,
          0,
          0,
          0,
          0,
          0,
          0,
          0,
          0,
          0,
          0,
          0,
          0,
          0,
          0,
          0,
          0,
          0,
          0,
          0,
          0,
          0,
          0,
          0
        ]
      }
    },
    "ds004584": {
      "segment": {
        "balanced_accuracy": 0.5226726339151274,
        "sensitivity": 0.8640856672158155,
        "specificity": 0.18125960061443933,
        "n_segments": 1865,
        "roc_auc": 0.5520482997897038
      },
      "subject": {
        "balanced_accuracy": 0.5216326530612245,
        "sensitivity": 0.88,
        "specificity": 0.16326530612244897,
        "n_subjects": 149,
        "n_pd": 100,
        "n_hc": 49,
        "roc_auc": 0.546734693877551
      },
      "calibration": {
        "n_subjects": 149,
        "fixed_0.5": 0.5216326530612245,
        "prevalence_matched": 0.5438775510204081,
        "roc_auc": 0.546734693877551,
        "oracle_youden": 0.5655102040816327,
        "train_transferred": 0.5004081632653061,
        "train_threshold": 0.33399835035153147,