{
  "mode": "supervised",
  "encoder_path": null,
  "site_prior_null": {
    "segment_balanced_accuracy": 0.926605504587156,
    "subject_balanced_accuracy": 0.6538461538461539,
    "per_dataset_majority": {
      "ds002778": "PD",
      "ds003490": "PD",
      "ds004148": "HC",
      "ds004584": "PD"
    },
    "n_segments": 18721,
    "n_subjects": 270
  },
  "per_heldout": {
    "ds002778": {
      "segment": {
        "balanced_accuracy": 0.5771174475265596,
        "sensitivity": 0.24476987447698745,
        "specificity": 0.9094650205761317,
        "n_segments": 721,
        "roc_auc": 0.6585567436334521
      },
      "subject": {
        "balanced_accuracy": 0.6,
        "sensitivity": 0.2,
        "specificity": 1.0,
        "n_subjects": 31,
        "n_pd": 15,
        "n_hc": 16,
        "roc_auc": 0.6916666666666667
      },
      "calibration": {
        "n_subjects": 31,
        "fixed_0.5": 0.6,
        "prevalence_matched": 0.6770833333333333,
        "roc_auc": 0.6916666666666667,
        "oracle_youden": 0.6770833333333333,
        "train_transferred": 0.5666666666666667,
        "train_threshold": 0.6965778434977812,
        "subject_scores": [
          0.018215978979909172,
          0.003530428457452217,
          0.40916903821052986,
          0.009610377461649477,
          0.1835689484733545,
          0.27590006904986997,
          0.04204211273851494,
          0.0032244743688352173,
          0.3505881793098524,
          0.12256687337746068,
          0.0014552441532335555,
          0.0005569898903559078,
          0.08485908563404033,
          0.12538639159460477,
          0.2576640173792839,
          0.0019310847766367564,
          0.13220541493113463,
          0.6659244387861221,
          0.2165050110774852,
          0.1410757130577575,
          0.37075392684782854,
          0.009003413509829746,
          0.02506194413120587,
          0.26950539809671076,
          0.012479448557226738,
          0.27517760400678526,
          0.23364289642995573,
          0.10490808206602444,
          0.7530500776483677,
          0.7497509504227262,
          0.003343715636583511
        ],
        "subject_labels": [
          0,
          0,
          0,
          0,
          0,
          0,
          0,
          0,
          0,
          0,
          0,
          0,
          0,
          0,
          0,
          0,
          1,
          1,
          1,
          1,
          1,
          1,
          1,
          1,
          1,
          1,
          1,
          1,
          1,
          1,
          1
        ]
      }
    },
    "ds003490": {
      "segment": {
        "balanced_accuracy": 0.5686960551616778,
        "sensitivity": 0.9518167456556083,
        "specificity": 0.18557536466774716,
        "n_segments": 3766,
        "roc_auc": 0.7453001899831269
      },
      "subject": {
        "balanced_accuracy": 0.58,
        "sensitivity": 1.0,
        "specificity": 0.16,
        "n_subjects": 50,
        "n_pd": 25,
        "n_hc": 25,
        "roc_auc": 0.8064
      },
      "calibration": {
        "n_subjects": 50,
        "fixed_0.5": 0.58,
        "prevalence_matched": 0.72,
        "roc_auc": 0.8064,
        "oracle_youden": 0.78,
        "train_transferred": 0.74,
        "train_threshold": 0.9037331603467464,
        "subject_scores": [
          0.818164538311702,
          0.9029786403000483,
          0.8150297680071422,
          0.9520337073398488,
          0.6551502781254904,
          0.9579829158204974,
          0.958726184862154,
          0.983439704917726,
          0.8944916699467034,
          0.9382853303914485,
          0.9533176235854626,
          0.785080191642046,
          0.9963211237743337,
          0.7768023859972906,
          0.9731535643947368,
          0.8277232953020044,
          0.9609631236317089,
          0.920870508919371,
          0.9410768623574305,
          0.9679002903171421,
          0.6064641286929449,
          0.9464373115509276,
          0.6499367284487529,
          0.8251418408959411,
          0.9699863289842511,
          0.9149702856841596,
          0.9970058363217574,
          0.4318315714759671,
          0.5518865805605183,
          0.798102799654007,
          0.9069652148970851,
          0.9605140266595064,
          0.6511202112033769,
          0.7794667499569746,
          0.8483642202157241,
          0.7805293917655944,
          0.453117071919971,
          0.851718584465426,
          0.9617215227662471,
          0.7619314049096668,
          0.783435161140832,
          0.8385305904409436,
          0.49919258058071136,
          0.6591959825473959,
          0.835854117737876,
          0.9208938758423988,
          0.847854637673923,
          0.6646190321259201,
          0.49825123054060066,
          0.7344626230852944
        ],
        "subject_labels": [
          1,
          1,
          0,
          1,
          0,
          1,
          1,
          1,
          1,
          1,
          1,
          1,
          1,
          1,
          1,
          1,
          1,
          1,
          1,
          1,
          1,
          1,
          1,
          1,
          1,
          1,
          1,
          0,
          0,
          0,
          0,
          0,
          0,
          0,
          0,
          0,
          0,
          0,
          0,
          0,
          0,
          0,
          0,
          0,
          0,
          0,
          0,
          0,
          0,
          0
        ]
      }
    },
    "ds004584": {
      "segment": {
        "balanced_accuracy": 0.5997223888226705,
        "sensitivity": 0.8599670510708401,
        "specificity": 0.33947772657450076,
        "n_segments": 1865,
        "roc_auc": 0.6895727520960023
      },
      "subject": {
        "balanced_accuracy": 0.5726530612244898,
        "sensitivity": 0.88,
        "specificity": 0.2653061224489796,
        "n_subjects": 149,
        "n_pd": 100,
        "n_hc": 49,
        "roc_auc": 0.6948979591836735
      },
      "calibration": {
        "n_subjects": 149,
        "fixed_0.5": 0.5726530612244898,
        "prevalence_matched": 0.6351020408163266,
        "roc_auc": 0.6948979591836735,
        "oracle_youden": 0.6921428571428572,
        "train_transferred": 0.6715306122448979,
        "train_threshold": 0.856258992795591,