{
  "mode": "probe",
  "encoder_path": "results/ssl/pretrained_encoder_19ch_opennero.pt",
  "site_prior_null": {
    "segment_balanced_accuracy": 0.926605504587156,
    "subject_balanced_accuracy": 0.6538461538461539,
    "per_dataset_majority": {
      "ds002778": "PD",
      "ds003490": "PD",
      "ds004148": "HC",
      "ds004584": "PD"
    },
    "n_segments": 18721,
    "n_subjects": 270
  },
  "per_heldout": {
    "ds002778": {
      "segment": {
        "balanced_accuracy": 0.5713879849165763,
        "sensitivity": 0.6736401673640168,
        "specificity": 0.4691358024691358,
        "n_segments": 721,
        "roc_auc": 0.5638807100917747
      },
      "subject": {
        "balanced_accuracy": 0.51875,
        "sensitivity": 0.6,
        "specificity": 0.4375,
        "n_subjects": 31,
        "n_pd": 15,
        "n_hc": 16,
        "roc_auc": 0.5916666666666667
      },
      "calibration": {
        "n_subjects": 31,
        "fixed_0.5": 0.51875,
        "prevalence_matched": 0.48333333333333334,
        "roc_auc": 0.5916666666666667,
        "oracle_youden": 0.65625,
        "train_transferred": 0.46875,
        "train_threshold": 0.8224611635561343,
        "subject_scores": [
          0.6196083088715871,
          0.659433402121067,
          0.5909119665622711,
          0.8234346270561218,
          0.43189002871513366,
          0.6915929238001506,
          0.3419159750143687,
          0.403944686986506,
          0.3001874564215541,
          0.706405782699585,
          0.6782771388689677,
          0.5315430406481028,
          0.7717781027158102,
          0.2540571982307093,
          0.25432622879743577,
          0.31027656197547915,
          0.7416310727596283,
          0.8172767671846575,
          0.42110155820846557,
          0.38851638023669904,
          0.456022610142827,
          0.6196315864721934,
          0.7028215845425924,
          0.6961867978175481,
          0.5538348420973747,
          0.5849900562316179,
          0.4456667029298842,
          0.4245445272236159,
          0.42944290314335376,
          0.7775065396961413,
          0.6188158810138702
        ],
        "subject_labels": [
          0,
          0,
          0,
          0,
          0,
          0,
          0,
          0,
          0,
          0,
          0,
          0,
          0,
          0,
          0,
          0,
          1,
          1,
          1,
          1,
          1,
          1,
          1,
          1,
          1,
          1,
          1,
          1,
          1,
          1,
          1
        ]
      }
    },
    "ds003490": {
      "segment": {
        "balanced_accuracy": 0.498056001495285,
        "sensitivity": 0.9936808846761453,
        "specificity": 0.0024311183144246355,
        "n_segments": 3766,
        "roc_auc": 0.5794778216462986
      },
      "subject": {
        "balanced_accuracy": 0.5,
        "sensitivity": 1.0,
        "specificity": 0.0,
        "n_subjects": 50,
        "n_pd": 25,
        "n_hc": 25,
        "roc_auc": 0.5888
      },
      "calibration": {
        "n_subjects": 50,
        "fixed_0.5": 0.5,
        "prevalence_matched": 0.56,
        "roc_auc": 0.5888,
        "oracle_youden": 0.6000000000000001,
        "train_transferred": 0.5,
        "train_threshold": 0.6914099348442895,
        "subject_scores": [
          0.9393148909332931,
          0.9950872373824217,
          0.9506712917770658,
          0.7313529561672892,
          0.9704509581838335,
          0.9544574735742627,
          0.9764070344400836,
          0.9116403505915687,
          0.9670943652076283,
          0.9854904419702032,
          0.8894103911394874,
          0.9338779628276825,
          0.978811752411627,
          0.9452004474822921,
          0.9785146135456708,
          0.9185319655650371,
          0.9485203901540886,
          0.8977272732460753,
          0.9530529299024808,
          0.9734110647870093,
          0.9640118241310119,
          0.9650260096504575,
          0.9278357172586832,
          0.9410315661929375,
          0.9683986683883289,
          0.9738901836200825,
          0.9089075229488887,
          0.9751464880031088,
          0.9671792219514432,
          0.9345730352401733,
          0.948567529519399,
          0.9268629727540193,
          0.9369203997896863,
          0.9027171845619495,
          0.945376544044568,
          0.9344262492656707,
          0.8440431118011474,
          0.9673675548198611,
          0.9144049224100614,
          0.8825033517444835,
          0.9614710279486396,
          0.9394152508332179,
          0.9544209038957636,
          0.9222337357375933,
          0.9271284990840488,
          0.8954304697665763,
          0.9736381868521372,
          0.946870664358139,
          0.9650629569183696,
          0.9635948003554831
        ],
        "subject_labels": [
          1,
          1,
          0,
          1,
          0,
          1,
          1,
          1,
          1,
          1,
          1,
          1,
          1,
          1,
          1,
          1,
          1,
          1,
          1,
          1,
          1,
          1,
          1,
          1,
          1,
          1,
          1,
          0,
          0,
          0,
          0,
          0,
          0,
          0,
          0,
          0,
          0,
          0,
          0,
          0,
          0,
          0,
          0,
          0,
          0,
          0,
          0,
          0,
          0,
          0
        ]
      }
    },
    "ds004584": {
      "segment": {
        "balanced_accuracy": 0.5212270059748404,
        "sensitivity": 0.9917627677100495,
        "specificity": 0.05069124423963134,
        "n_segments": 1865,
        "roc_auc": 0.5560764455646743
      },
      "subject": {
        "balanced_accuracy": 0.5154081632653061,
        "sensitivity": 0.99,
        "specificity": 0.04081632653061224,
        "n_subjects": 149,
        "n_pd": 100,
        "n_hc": 49,
        "roc_auc": 0.553061224489796
      },
      "calibration": {
        "n_subjects": 149,
        "fixed_0.5": 0.5154081632653061,
        "prevalence_matched": 0.5438775510204081,
        "roc_auc": 0.553061224489796,
        "oracle_youden": 0.5741836734693878,
        "train_transferred": 0.5256122448979592,
        "train_threshold": 0.5818258225917816,