{
  "mode": "probe",
  "encoder_path": "results/ssl/pretrained_encoder_19ch_tuh.pt",
  "site_prior_null": {
    "segment_balanced_accuracy": 0.926605504587156,
    "subject_balanced_accuracy": 0.6538461538461539,
    "per_dataset_majority": {
      "ds002778": "PD",
      "ds003490": "PD",
      "ds004148": "HC",
      "ds004584": "PD"
    },
    "n_segments": 18721,
    "n_subjects": 270
  },
  "per_heldout": {
    "ds002778": {
      "segment": {
        "balanced_accuracy": 0.6115071370766396,
        "sensitivity": 0.5481171548117155,
        "specificity": 0.6748971193415638,
        "n_segments": 721,
        "roc_auc": 0.6539680079893935
      },
      "subject": {
        "balanced_accuracy": 0.5791666666666666,
        "sensitivity": 0.5333333333333333,
        "specificity": 0.625,
        "n_subjects": 31,
        "n_pd": 15,
        "n_hc": 16,
        "roc_auc": 0.6583333333333333
      },
      "calibration": {
        "n_subjects": 31,
        "fixed_0.5": 0.5791666666666666,
        "prevalence_matched": 0.6125,
        "roc_auc": 0.6583333333333333,
        "oracle_youden": 0.6791666666666667,
        "train_transferred": 0.5666666666666667,
        "train_threshold": 0.7257768551890666,
        "subject_scores": [
          0.6155854066212972,
          0.3929890524595976,
          0.33949524760246275,
          0.4333480258782705,
          0.2690259426832199,
          0.6942097345987955,
          0.593794576327006,
          0.03557322872802615,
          0.6309877447783947,
          0.5086025138696034,
          0.5055355270703633,
          0.18028694251552224,
          0.39369655152161914,
          0.13909146588827884,
          0.444977875550588,
          0.09353803098201752,
          0.5056926200787226,
          0.5825139486020611,
          0.3334704359372457,
          0.4769933372735977,
          0.5735474516948064,
          0.8218554029862086,
          0.4690862442056338,
          0.5347914169232051,
          0.27649578265845776,
          0.46313589345663786,
          0.5975181926041842,
          0.41735627411892917,
          0.3834282457828522,
          0.7554850401846986,
          0.5573897294700145
        ],
        "subject_labels": [
          0,
          0,
          0,
          0,
          0,
          0,
          0,
          0,
          0,
          0,
          0,
          0,
          0,
          0,
          0,
          0,
          1,
          1,
          1,
          1,
          1,
          1,
          1,
          1,
          1,
          1,
          1,
          1,
          1,
          1,
          1
        ]
      }
    },
    "ds003490": {
      "segment": {
        "balanced_accuracy": 0.4916463113316486,
        "sensitivity": 0.9411532385466035,
        "specificity": 0.04213938411669368,
        "n_segments": 3766,
        "roc_auc": 0.4132224223616797
      },
      "subject": {
        "balanced_accuracy": 0.5,
        "sensitivity": 1.0,
        "specificity": 0.0,
        "n_subjects": 50,
        "n_pd": 25,
        "n_hc": 25,
        "roc_auc": 0.3776
      },
      "calibration": {
        "n_subjects": 50,
        "fixed_0.5": 0.5,
        "prevalence_matched": 0.36,
        "roc_auc": 0.3776,
        "oracle_youden": 0.52,
        "train_transferred": 0.5,
        "train_threshold": 0.504564335400408,
        "subject_scores": [
          0.8521140660009077,
          0.6419359878921995,
          0.882398892726217,
          0.6550139082329614,
          0.9238516279629299,
          0.8216353359095978,
          0.8224633078317385,
          0.9040102294513157,
          0.8210804147281866,
          0.8228599069559056,
          0.5579106484462196,
          0.819475399851799,
          0.8400530103714235,
          0.8946663400139472,
          0.8971037907259805,
          0.8157441132777447,
          0.7664682154805915,
          0.838586651898445,
          0.8671606362371121,
          0.8304887844115189,
          0.8812186314000023,
          0.9317966865168678,
          0.8523273439292448,
          0.9446560102839803,
          0.756073282496764,
          0.8229251619681571,
          0.6498209134890482,
          0.8904195026211117,
          0.925194845251415,
          0.9094670331478119,
          0.7579112814532386,
          0.8970886557190506,
          0.9009918307329153,
          0.887807832314418,
          0.8206287576602056,
          0.8031644463539124,
          0.9353440350956387,
          0.6196124602195828,
          0.8751754357495851,
          0.6678283131297897,
          0.7529536235061559,
          0.7990081808887995,
          0.9139523430073515,
          0.8560448081597037,
          0.9166826354132758,
          0.8875036239624023,
          0.6496265878280004,
          0.8978610461950303,
          0.8195687694983049,
          0.936560121117806
        ],
        "subject_labels": [
          1,
          1,
          0,
          1,
          0,
          1,
          1,
          1,
          1,
          1,
          1,
          1,
          1,
          1,
          1,
          1,
          1,
          1,
          1,
          1,
          1,
          1,
          1,
          1,
          1,
          1,
          1,
          0,
          0,
          0,
          0,
          0,
          0,
          0,
          0,
          0,
          0,
          0,
          0,
          0,
          0,
          0,
          0,
          0,
          0,
          0,
          0,
          0,
          0,
          0
        ]
      }
    },
    "ds004584": {
      "segment": {
        "balanced_accuracy": 0.5212478837525338,
        "sensitivity": 0.8673805601317958,
        "specificity": 0.17511520737327188,
        "n_segments": 1865,
        "roc_auc": 0.5568546172787019
      },
      "subject": {
        "balanced_accuracy": 0.5216326530612245,
        "sensitivity": 0.88,
        "specificity": 0.16326530612244897,
        "n_subjects": 149,
        "n_pd": 100,
        "n_hc": 49,
        "roc_auc": 0.5548979591836735
      },
      "calibration": {
        "n_subjects": 149,
        "fixed_0.5": 0.5216326530612245,
        "prevalence_matched": 0.5438775510204081,
        "roc_auc": 0.5548979591836735,
        "oracle_youden": 0.5657142857142857,
        "train_transferred": 0.5054081632653061,
        "train_threshold": 0.32613133448370113,