{
  "mode": "supervised",
  "encoder_path": null,
  "site_prior_null": {
    "segment_balanced_accuracy": 0.926605504587156,
    "subject_balanced_accuracy": 0.6538461538461539,
    "per_dataset_majority": {
      "ds002778": "PD",
      "ds003490": "PD",
      "ds004148": "HC",
      "ds004584": "PD"
    },
    "n_segments": 18721,
    "n_subjects": 270
  },
  "per_heldout": {
    "ds002778": {
      "segment": {
        "balanced_accuracy": 0.6222428844465107,
        "sensitivity": 0.602510460251046,
        "specificity": 0.6419753086419753,
        "n_segments": 721,
        "roc_auc": 0.6759991046369475
      },
      "subject": {
        "balanced_accuracy": 0.7083333333333333,
        "sensitivity": 0.6666666666666666,
        "specificity": 0.75,
        "n_subjects": 31,
        "n_pd": 15,
        "n_hc": 16,
        "roc_auc": 0.7125
      },
      "calibration": {
        "n_subjects": 31,
        "fixed_0.5": 0.7083333333333333,
        "prevalence_matched": 0.6770833333333333,
        "roc_auc": 0.7125,
        "oracle_youden": 0.7395833333333333,
        "train_transferred": 0.5395833333333333,
        "train_threshold": 0.7508723396005936,
        "subject_scores": [
          0.4696082760890325,
          0.03275247420697269,
          0.8889549414316813,
          0.10923565779473089,
          0.35057885767892005,
          0.40648306981893256,
          0.3641022202714036,
          0.0001769515920386766,
          0.8743832521140575,
          0.21549050590838306,
          0.09461487311248978,
          0.04689385076471808,
          0.4443231164147922,
          0.5106772901324023,
          0.8171931842962901,
          0.1409186193149556,
          0.5899570205559334,
          0.981805024608489,
          0.6556105146262173,
          0.6642714658120008,
          0.6453846481977962,
          0.1309233501990093,
          0.33685256211707987,
          0.5524965975045537,
          0.07260809033112074,
          0.5361849950568285,
          0.7535639387497213,
          0.36195000810425193,
          0.8899087987374514,
          0.9116294965960582,
          0.3783805490160982
        ],
        "subject_labels": [
          0,
          0,
          0,
          0,
          0,
          0,
          0,
          0,
          0,
          0,
          0,
          0,
          0,
          0,
          0,
          0,
          1,
          1,
          1,
          1,
          1,
          1,
          1,
          1,
          1,
          1,
          1,
          1,
          1,
          1,
          1
        ]
      }
    },
    "ds003490": {
      "segment": {
        "balanced_accuracy": 0.5682425408578942,
        "sensitivity": 0.9711690363349131,
        "specificity": 0.16531604538087522,
        "n_segments": 3766,
        "roc_auc": 0.7322025240615422
      },
      "subject": {
        "balanced_accuracy": 0.54,
        "sensitivity": 1.0,
        "specificity": 0.08,
        "n_subjects": 50,
        "n_pd": 25,
        "n_hc": 25,
        "roc_auc": 0.7984
      },
      "calibration": {
        "n_subjects": 50,
        "fixed_0.5": 0.54,
        "prevalence_matched": 0.72,
        "roc_auc": 0.7984,
        "oracle_youden": 0.74,
        "train_transferred": 0.6599999999999999,
        "train_threshold": 0.9478990038235983,
        "subject_scores": [
          0.7668438103570733,
          0.9158363433516755,
          0.6884783950767347,
          0.9831703938543797,
          0.8588525686945234,
          0.9505782149957888,
          0.8669155033322068,
          0.9414422722089858,
          0.887014627456665,
          0.7831666040355745,
          0.8949018887554606,
          0.9060012483596802,
          0.9922877338624769,
          0.8708802877050458,
          0.9593271065731438,
          0.9322687239797266,
          0.9177556382220926,
          0.9498993202726892,
          0.9293655642008377,
          0.9450561189159905,
          0.6622201593385802,
          0.9811883866786957,
          0.7315370810319142,
          0.9069221539552822,
          0.9768283314043933,
          0.9524190477954532,
          0.9917175385814446,
          0.5517013196064078,
          0.7112782007974127,
          0.8574471741914749,
          0.9326043559445275,
          0.8746076115855465,
          0.6214078049381058,
          0.9264350774196478,
          0.916847434754555,
          0.918850017786026,
          0.7014604575104184,
          0.6537958217221637,
          0.9338303793940628,
          0.7164923428904777,
          0.6649975722486322,
          0.9299581380417714,
          0.36096950081434653,
          0.7332476934661036,
          0.9508340252770318,
          0.876565065472684,
          0.803017680134092,
          0.7207249367237091,
          0.4954583089460026,
          0.6049995474061187
        ],
        "subject_labels": [
          1,
          1,
          0,
          1,
          0,
          1,
          1,
          1,
          1,
          1,
          1,
          1,
          1,
          1,
          1,
          1,
          1,
          1,
          1,
          1,
          1,
          1,
          1,
          1,
          1,
          1,
          1,
          0,
          0,
          0,
          0,
          0,
          0,
          0,
          0,
          0,
          0,
          0,
          0,
          0,
          0,
          0,
          0,
          0,
          0,
          0,
          0,
          0,
          0,
          0
        ]
      }
    },
    "ds004584": {
      "segment": {
        "balanced_accuracy": 0.5587051475742553,
        "sensitivity": 0.9530477759472817,
        "specificity": 0.16436251920122888,
        "n_segments": 1865,
        "roc_auc": 0.7373803323742208
      },
      "subject": {
        "balanced_accuracy": 0.5666326530612245,
        "sensitivity": 0.97,
        "specificity": 0.16326530612244897,
        "n_subjects": 149,
        "n_pd": 100,
        "n_hc": 49,
        "roc_auc": 0.7342857142857142
      },
      "calibration": {
        "n_subjects": 149,
        "fixed_0.5": 0.5666326530612245,
        "prevalence_matched": 0.6503061224489797,
        "roc_auc": 0.7342857142857142,
        "oracle_youden": 0.7031632653061224,
        "train_transferred": 0.6498979591836735,
        "train_threshold": 0.8852921351790428,